region,customer_id,category,product_id,sale_amount_sum,sale_amount_mean,sale_ids
Central,1002,Clothing,2001,824.7,824.7,[632]
Central,1002,Clothing,2025,503.32,503.32,[1087]
Central,1002,Clothing,2038,1482.42,1482.42,[407]
Central,1002,Clothing,2062,1114.85,1114.85,[589]
Central,1002,Electronics,2012,560.87,560.87,[557]
Central,1002,Electronics,2017,0.0,0.0,[896]
Central,1002,Electronics,2033,3010.5,3010.5,[757]
Central,1002,Home,2060,326.7,326.7,[1837]
Central,1019,Clothing,2025,559.24,559.24,[700]
Central,1019,Electronics,2075,2341.92,2341.92,[696]
Central,1019,Home,2060,0.0,0.0,[104]
Central,1019,Home,2085,484.3,484.3,[488]
Central,1024,Clothing,2006,594.0,297.0,"[350, 773]"
Central,1024,Home,2004,1483.6,1483.6,[1253]
Central,1024,Home,2058,2000.25,2000.25,[1545]
Central,1024,Home,2059,0.0,0.0,[1893]
Central,1024,Home,2060,326.7,326.7,[844]
Central,1024,Office,2054,0.0,0.0,[1751]
Central,1024,Office,2071,615.16,615.16,[1840]
Central,1024,Office,2095,3533.69,3533.69,[180]
Central,1034,Clothing,2015,1079.95,1079.95,[1365]
Central,1034,Clothing,2038,2223.62,2223.62,[808]
Central,1034,Electronics,2017,0.0,0.0,[942]
Central,1034,Electronics,2032,1702.08,1702.08,[1066]
Central,1034,Home,2014,985.2,985.2,[1585]
Central,1034,Home,2059,3584.35,1792.175,"[1, 1025]"
Central,1034,Office,2080,2996.14,2996.14,[1049]
Central,1034,Office,2089,2481.12,2481.12,[1165]
Central,1040,Clothing,2003,385.18,385.18,[1573]
Central,1040,Clothing,2006,0.0,0.0,[770]
Central,1040,Electronics,2032,0.0,0.0,[673]
Central,1040,Electronics,2051,469.28,469.28,[422]
Central,1040,Electronics,2068,2952.86,2952.86,[996]
Central,1040,Home,2035,899.99,899.99,[1406]
Central,1040,Home,2085,484.3,484.3,[1569]
Central,1040,Home,2093,755.94,755.94,[747]
Central,1040,Office,2063,883.94,883.94,[1206]
Central,1040,Office,2080,1664.52,1664.52,[1198]
Central,1040,Office,2091,724.63,724.63,[321]
Central,1046,Clothing,2062,1981.95,1981.95,[25]
Central,1046,Clothing,2074,659.5,659.5,[72]
Central,1046,Home,2004,741.8,741.8,[1856]
Central,1046,Home,2050,896.54,448.27,"[1822, 1896]"
Central,1046,Office,2021,2255.61,2255.61,[1862]
Central,1046,Office,2078,454.43,454.43,[904]
Central,1051,Electronics,2012,1121.74,1121.74,[776]
Central,1051,Electronics,2023,0.0,0.0,[1663]
Central,1051,Electronics,2037,1800.7,900.35,"[1736, 1915]"
Central,1051,Home,2026,338.5,338.5,[944]
Central,1051,Home,2042,167.61,167.61,[1583]
Central,1051,Home,2079,1710.97,1710.97,[958]
Central,1051,Office,2034,217.87,217.87,[950]
Central,1051,Office,2053,488.12,488.12,[1770]
Central,1051,Office,2063,0.0,0.0,[1763]
Central,1051,Office,2078,383.43,383.43,[1513]
Central,1051,Office,2080,0.0,0.0,[793]
Central,1058,Clothing,2094,493.35,493.35,[674]
Central,1058,Office,2095,2453.95,2453.95,[109]
Central,1065,Clothing,2001,371.12,371.12,[1477]
Central,1065,Clothing,2020,300.66,300.66,[1509]
Central,1065,Clothing,2061,639.74,639.74,[135]
Central,1065,Clothing,2074,3297.5,3297.5,[1894]
Central,1065,Electronics,2075,3903.2,3903.2,[1797]
Central,1065,Office,2027,775.83,775.83,[271]
Central,1065,Office,2078,127.81,127.81,[931]
Central,1065,Office,2082,266.6,266.6,[891]
Central,1073,Clothing,2009,66.31,66.31,[228]
Central,1073,Clothing,2062,1114.85,1114.85,[1474]
Central,1073,Clothing,2076,1934.57,1934.57,[183]
Central,1073,Electronics,2033,1338.0,1338.0,[1764]
Central,1073,Electronics,2068,2460.72,2460.72,[358]
Central,1073,Electronics,2099,0.0,0.0,[127]
Central,1073,Home,2057,349.58,349.58,[1490]
Central,1073,Home,2060,0.0,0.0,[1171]
Central,1073,Office,2080,3329.04,3329.04,[1349]
Central,1073,Office,2082,213.28,213.28,[1779]
Central,1073,Office,2092,482.21,482.21,[1924]
Central,1082,Clothing,2002,1732.0,1732.0,[1183]
Central,1082,Clothing,2025,223.7,223.7,[1403]
Central,1082,Clothing,2087,318.64,318.64,[1276]
Central,1082,Electronics,2007,1750.17,1750.17,[1748]
Central,1082,Electronics,2077,0.0,0.0,[541]
Central,1082,Home,2024,372.81,372.81,[97]
Central,1082,Home,2045,312.14,312.14,[1613]
Central,1082,Home,2065,1411.02,1411.02,[980]
Central,1082,Office,2092,0.0,0.0,[1221]
Central,1085,Clothing,2001,412.35,412.35,[1916]
Central,1085,Clothing,2044,207.58,207.58,[1375]
Central,1085,Clothing,2070,0.0,0.0,[96]
Central,1085,Electronics,2007,933.42,933.42,[1511]
Central,1085,Electronics,2099,646.32,646.32,[216]
Central,1085,Home,2008,106.54,106.54,[1551]
Central,1085,Home,2030,407.93,407.93,[1841]
Central,1085,Office,2041,1447.58,1447.58,[74]
Central,1102,Clothing,2006,792.0,792.0,[361]
Central,1102,Clothing,2025,0.0,0.0,[1816]
Central,1102,Clothing,2087,0.0,0.0,[1960]
Central,1102,Electronics,2051,93.86,93.86,[899]
Central,1102,Home,2035,1619.98,1619.98,[1131]
Central,1102,Office,2078,142.01,142.01,[1085]
Central,1102,Office,2095,1472.37,1472.37,[294]
Central,1105,Clothing,2010,155.68,155.68,[1980]
Central,1105,Clothing,2011,0.0,0.0,[1390]
Central,1105,Clothing,2038,1853.02,1853.02,[457]
Central,1105,Clothing,2044,373.64,373.64,[1752]
Central,1105,Clothing,2066,928.91,928.91,[1589]
Central,1105,Clothing,2070,0.0,0.0,[1074]
Central,1105,Clothing,2097,673.68,673.68,[1245]
Central,1105,Electronics,2017,1391.1,1391.1,[489]
Central,1105,Electronics,2028,1148.29,1148.29,[1325]
Central,1105,Home,2030,339.94,339.94,[1560]
Central,1105,Home,2045,1123.7,561.85,"[182, 1105]"
Central,1105,Home,2052,731.26,731.26,[1315]
Central,1105,Office,2021,835.41,835.41,[1153]
Central,1105,Office,2041,0.0,0.0,[1339]
Central,1105,Office,2063,2209.84,2209.84,[761]
Central,1105,Office,2071,615.16,615.16,[1175]
Central,1105,Office,2078,383.43,383.43,[640]
Central,1105,Office,2082,239.94,239.94,[1002]
Central,1108,Clothing,2001,412.35,412.35,[948]
Central,1108,Clothing,2088,3546.75,3546.75,[633]
Central,1108,Electronics,2037,648.25,648.25,[1335]
Central,1108,Electronics,2067,290.95,290.95,[1595]
Central,1108,Electronics,2077,1685.49,1685.49,[1460]
Central,1108,Home,2014,221.67,221.67,[62]
Central,1108,Home,2048,357.63,357.63,[829]
Central,1108,Office,2016,872.15,872.15,[1981]
Central,1108,Office,2073,1498.29,1498.29,[1920]
Central,1108,Office,2089,413.52,413.52,[656]
Central,1113,Clothing,2038,2223.62,2223.62,[53]
Central,1113,Clothing,2039,976.44,976.44,[1168]
Central,1113,Clothing,2044,0.0,0.0,[121]
Central,1113,Clothing,2076,0.0,0.0,[1691]
Central,1113,Clothing,2097,757.89,757.89,[310]
Central,1113,Electronics,2018,1084.52,1084.52,[1955]
Central,1113,Electronics,2056,839.55,839.55,[151]
Central,1113,Electronics,2099,646.32,646.32,[1152]
Central,1113,Home,2058,2000.25,2000.25,[1740]
Central,1113,Home,2064,294.04,294.04,[1394]
Central,1113,Home,2083,3072.64,3072.64,[394]
Central,1116,Clothing,2009,119.36,119.36,[343]
Central,1116,Clothing,2039,3905.76,3905.76,[1418]
Central,1116,Clothing,2062,1238.72,1238.72,[615]
Central,1116,Electronics,2012,0.0,0.0,[1979]
Central,1116,Electronics,2051,351.96,351.96,[176]
Central,1116,Home,2065,940.68,470.34,"[671, 1458]"
Central,1116,Home,2093,755.94,755.94,[868]
Central,1116,Office,2041,3216.84,3216.84,[3]
Central,1116,Office,2078,0.0,0.0,[663]
Central,1116,Office,2095,1472.3700000000001,736.1850000000001,"[425, 1361]"
Central,1127,Clothing,2011,409.74,409.74,[1792]
Central,1127,Clothing,2019,933.93,933.93,[1621]
Central,1127,Clothing,2039,1952.88,1952.88,[354]
Central,1127,Electronics,2000,969.31,969.31,[936]
Central,1127,Electronics,2017,0.0,0.0,[1136]
Central,1127,Electronics,2018,0.0,0.0,[754]
Central,1127,Electronics,2029,40.53,40.53,[1730]
Central,1127,Home,2052,2193.78,2193.78,[723]
Central,1127,Home,2064,529.27,529.27,[1761]
Central,1127,Home,2086,4828.14,4828.14,[1732]
Central,1127,Office,2072,1008.72,1008.72,[672]
Central,1127,Office,2080,1997.42,1997.42,[341]
Central,1139,Clothing,2062,1486.46,1486.46,[727]
Central,1139,Clothing,2066,2580.3,2580.3,[1288]
Central,1139,Clothing,2087,0.0,0.0,[652]
Central,1139,Electronics,2000,1744.76,1744.76,[1352]
Central,1139,Home,2048,357.63,357.63,[762]
Central,1139,Home,2060,2327.7700000000004,1163.8850000000002,"[290, 1192]"
Central,1139,Home,2079,2281.3,2281.3,[1963]
Central,1139,Office,2027,258.61,258.61,[598]
Central,1139,Office,2054,3241.84,3241.84,[1799]
Central,1139,Office,2073,499.43,499.43,[1462]
Central,1143,Clothing,2011,1229.22,1229.22,[1655]
Central,1143,Electronics,2028,1531.06,1531.06,[1938]
Central,1143,Electronics,2098,2178.86,2178.86,[188]
Central,1143,Home,2048,0.0,0.0,[243]
Central,1165,Clothing,2010,124.54,124.54,[467]
Central,1165,Clothing,2046,60.17,60.17,[1570]
Central,1165,Clothing,2062,557.42,557.42,[1514]
Central,1165,Clothing,2070,54.69,54.69,[1005]
Central,1165,Electronics,2007,0.0,0.0,[403]
Central,1165,Electronics,2028,1531.06,1531.06,[825]
Central,1165,Electronics,2032,0.0,0.0,[411]
Central,1165,Electronics,2077,2134.95,1067.475,"[1018, 1802]"
Central,1165,Home,2004,1669.05,1669.05,[1784]
Central,1165,Home,2008,53.27,53.27,[143]
Central,1165,Office,2078,142.01,142.01,[555]
Central,1165,Office,2091,4528.95,4528.95,[30]
Central,1194,Clothing,2084,563.7,563.7,[927]
Central,1194,Electronics,2028,637.94,637.94,[593]
Central,1194,Electronics,2098,2451.22,2451.22,[1529]
Central,1194,Home,2069,929.56,929.56,[1565]
Central,1194,Home,2086,0.0,0.0,[611]
Central,1194,Office,2034,245.11,245.11,[524]
Central,1194,Office,2080,1664.52,1664.52,[1207]
East,1001,Clothing,2039,2343.46,2343.46,[523]
East,1001,Clothing,2070,164.06,82.03,"[400, 1174]"
East,1001,Electronics,2022,536.94,536.94,[1557]
East,1001,Home,2026,190.4,190.4,[203]
East,1001,Home,2050,560.34,280.17,"[538, 1902]"
East,1001,Home,2052,731.26,365.63,"[688, 1661]"
East,1001,Home,2065,376.27,376.27,[832]
East,1001,Office,2071,1660.93,1660.93,[1563]
East,1008,Clothing,2003,0.0,0.0,[1502]
East,1008,Clothing,2076,1450.93,1450.93,[1088]
East,1008,Clothing,2084,845.55,845.55,[449]
East,1008,Home,2036,196.18,196.18,[440]
East,1008,Home,2052,585.01,585.01,[1324]
East,1008,Home,2057,699.17,699.17,[600]
East,1008,Home,2058,533.4,533.4,[816]
East,1008,Home,2085,0.0,0.0,[1358]
East,1008,Office,2073,1498.29,1498.29,[1228]
East,1008,Office,2095,0.0,0.0,[1989]
East,1009,Clothing,2070,30.76,30.76,[677]
East,1009,Electronics,2022,2684.72,2684.72,[802]
East,1009,Electronics,2068,0.0,0.0,[862]
East,1009,Home,2058,2000.25,2000.25,[1756]
East,1009,Home,2085,193.72,193.72,[1520]
East,1009,Home,2093,0.0,0.0,[1259]
East,1009,Office,2016,969.06,969.06,[101]
East,1009,Office,2072,0.0,0.0,[1463]
East,1010,Clothing,2025,559.24,559.24,[1697]
East,1010,Clothing,2062,990.98,990.98,[1213]
East,1010,Electronics,2000,3877.24,3877.24,[1000]
East,1010,Electronics,2017,1112.88,1112.88,[1644]
East,1010,Electronics,2028,1148.29,1148.29,[1030]
East,1010,Home,2036,348.77,348.77,[393]
East,1010,Home,2059,921.69,921.69,[717]
East,1010,Home,2065,0.0,0.0,[1885]
East,1010,Home,2083,768.16,768.16,[1034]
East,1010,Home,2085,387.44,387.44,[1032]
East,1010,Home,2093,0.0,0.0,[302]
East,1010,Office,2040,138.16,138.16,[289]
East,1010,Office,2054,1620.92,810.46,"[792, 963]"
East,1014,Electronics,2029,13.51,13.51,[739]
East,1014,Office,2021,1503.74,1503.74,[1050]
East,1014,Office,2095,0.0,0.0,[1873]
East,1016,Clothing,2019,0.0,0.0,[1386]
East,1016,Clothing,2025,671.09,671.09,[1547]
East,1016,Electronics,2022,2684.72,2684.72,[1326]
East,1016,Electronics,2033,4264.88,2132.44,"[1031, 1083]"
East,1016,Electronics,2051,117.32,117.32,[48]
East,1016,Electronics,2075,3122.56,3122.56,[1660]
East,1016,Home,2042,0.0,0.0,[238]
East,1016,Home,2060,1470.17,735.085,"[1157, 1422]"
East,1016,Office,2043,2795.04,2795.04,[834]
East,1020,Clothing,2020,1014.74,1014.74,[1149]
East,1020,Clothing,2074,527.6,527.6,[240]
East,1020,Clothing,2076,4836.42,4836.42,[67]
East,1020,Clothing,2087,637.28,637.28,[443]
East,1020,Electronics,2077,561.83,561.83,[1084]
East,1020,Home,2048,1072.89,1072.89,[1146]
East,1020,Home,2050,168.1,168.1,[789]
East,1020,Home,2060,408.38,408.38,[5]
East,1020,Home,2096,2688.72,2688.72,[1190]
East,1020,Office,2041,0.0,0.0,[170]
East,1020,Office,2047,669.96,669.96,[266]
East,1020,Office,2054,1801.02,1801.02,[1695]
East,1022,Clothing,2006,990.0,990.0,[1359]
East,1022,Clothing,2009,119.36,119.36,[986]
East,1022,Electronics,2012,623.19,623.19,[641]
East,1022,Electronics,2023,5637.24,5637.24,[525]
East,1022,Electronics,2056,2361.24,2361.24,[601]
East,1022,Home,2035,1619.98,1619.98,[724]
East,1022,Home,2055,97.09,97.09,[213]
East,1022,Home,2093,2721.38,2721.38,[1306]
East,1022,Office,2040,55.26,55.26,[77]
East,1023,Clothing,2010,0.0,0.0,[179]
East,1023,Clothing,2020,0.0,0.0,[705]
East,1023,Clothing,2061,199.92,199.92,[1061]
East,1023,Electronics,2018,0.0,0.0,[1703]
East,1023,Electronics,2028,3062.11,1531.055,"[86, 263]"
East,1023,Electronics,2029,0.0,0.0,[69]
East,1023,Electronics,2032,1702.08,1702.08,[1341]
East,1023,Electronics,2037,2160.84,2160.84,[132]
East,1023,Electronics,2051,563.14,281.57,"[501, 1874]"
East,1023,Electronics,2068,2460.72,2460.72,[468]
East,1023,Electronics,2077,505.65,505.65,[922]
East,1023,Electronics,2098,1452.58,1452.58,[1362]
East,1023,Electronics,2099,1292.64,1292.64,[890]
East,1023,Home,2050,298.85,149.425,"[138, 355]"
East,1023,Home,2060,1225.14,1225.14,[73]
East,1023,Home,2083,1229.06,1229.06,[626]
East,1023,Office,2089,413.52,413.52,[1417]
East,1027,Clothing,2002,866.0,866.0,[1295]
East,1027,Clothing,2015,0.0,0.0,[1729]
East,1027,Clothing,2019,747.14,747.14,[1071]
East,1027,Clothing,2062,1238.72,1238.72,[1227]
East,1027,Electronics,2012,1121.74,1121.74,[496]
East,1027,Home,2014,443.34,443.34,[1546]
East,1027,Office,2072,672.48,672.48,[799]
East,1027,Office,2080,2496.78,2496.78,[1532]
East,1027,Office,2092,482.21,482.21,[759]
East,1030,Clothing,2038,3706.04,3706.04,[1878]
East,1030,Clothing,2087,382.37,382.37,[1549]
East,1030,Clothing,2097,3368.4,3368.4,[1670]
East,1030,Electronics,2022,604.06,604.06,[444]
East,1030,Electronics,2032,945.6,945.6,[1699]
East,1030,Electronics,2067,465.52,465.52,[1564]
East,1030,Electronics,2077,1123.66,1123.66,[1990]
East,1030,Home,2050,186.78,186.78,[932]
East,1030,Home,2096,3024.81,3024.81,[790]
East,1030,Office,2047,334.98,334.98,[1991]
East,1030,Office,2082,799.8,799.8,[87]
East,1032,Clothing,2011,409.74,409.74,[716]
East,1032,Clothing,2046,167.15,167.15,[1749]
East,1032,Clothing,2062,1981.95,1981.95,[1209]
East,1032,Clothing,2094,493.35,493.35,[163]
East,1032,Electronics,2012,997.1,997.1,[364]
East,1032,Home,2008,106.54,106.54,[307]
East,1032,Home,2035,4499.95,4499.95,[171]
East,1032,Home,2060,735.08,735.08,[9]
East,1032,Home,2093,2419.01,2419.01,[1154]
East,1032,Office,2063,441.97,441.97,[1850]
East,1033,Clothing,2002,1385.6,1385.6,[1689]
East,1033,Clothing,2020,751.66,751.66,[964]
East,1033,Clothing,2025,671.09,671.09,[1350]
East,1033,Clothing,2097,4210.5,4210.5,[347]
East,1033,Electronics,2022,1812.1799999999998,906.0899999999999,"[1226, 1931]"
East,1033,Electronics,2037,1440.56,1440.56,[1927]
East,1033,Electronics,2075,780.64,780.64,[631]
East,1033,Home,2049,751.87,751.87,[651]
East,1033,Home,2065,0.0,0.0,[434]
East,1033,Office,2043,4367.25,4367.25,[1269]
East,1033,Office,2078,908.8599999999999,454.42999999999995,"[1370, 1476]"
East,1035,Clothing,2015,3374.85,3374.85,[1947]
East,1035,Clothing,2019,0.0,0.0,[248]
East,1035,Clothing,2020,676.49,676.49,[1323]
East,1035,Clothing,2081,1343.2,1343.2,[549]
East,1035,Electronics,2068,1968.58,1968.58,[1019]
East,1035,Electronics,2075,1405.15,1405.15,[1658]
East,1035,Home,2004,2781.75,1390.875,"[268, 1534]"
East,1035,Home,2013,1683.65,1683.65,[396]
East,1035,Home,2030,339.94,339.94,[323]
East,1035,Home,2042,335.22,335.22,[1611]
East,1035,Home,2064,0.0,0.0,[454]
East,1035,Office,2054,0.0,0.0,[1953]
East,1035,Office,2092,0.0,0.0,[486]
East,1038,Clothing,2001,0.0,0.0,[1187]
East,1038,Clothing,2011,1475.06,1475.06,[1826]
East,1038,Clothing,2066,1032.12,1032.12,[836]
East,1038,Clothing,2088,1418.7,1418.7,[1940]
East,1038,Electronics,2017,741.92,741.92,[853]
East,1038,Electronics,2023,0.0,0.0,[1043]
East,1038,Home,2052,2193.78,2193.78,[381]
East,1038,Office,2043,786.1,786.1,[1305]
East,1038,Office,2072,840.6,840.6,[50]
East,1038,Office,2089,1240.56,1240.56,[1521]
East,1041,Clothing,2006,475.2,475.2,[1676]
East,1041,Clothing,2025,671.09,671.09,[258]
East,1041,Electronics,2018,1084.52,1084.52,[1347]
East,1041,Electronics,2033,669.0,669.0,[822]
East,1041,Home,2013,1683.65,1683.65,[1686]
East,1041,Home,2079,2281.3,2281.3,[1929]
East,1041,Home,2093,3023.76,1511.88,"[767, 1657]"
East,1041,Office,2041,643.37,643.37,[333]
East,1041,Office,2063,1325.9,1325.9,[666]
East,1041,Office,2090,358.2,358.2,[1857]
East,1044,Clothing,2003,1155.54,1155.54,[709]
East,1044,Clothing,2025,223.7,223.7,[133]
East,1044,Clothing,2062,1734.21,867.105,"[738, 1258]"
East,1044,Clothing,2070,0.0,0.0,[57]
East,1044,Clothing,2094,493.35,493.35,[962]
East,1044,Home,2014,886.68,886.68,[160]
East,1044,Home,2052,2193.78,2193.78,[1097]
East,1044,Home,2058,1066.8,1066.8,[385]
East,1044,Office,2071,553.64,553.64,[1662]
East,1044,Office,2078,426.03,426.03,[413]
East,1044,Office,2080,665.81,665.81,[1544]
East,1044,Office,2090,0.0,0.0,[1633]
East,1044,Office,2091,1811.58,1811.58,[318]
East,1050,Clothing,2010,62.27,62.27,[1821]
East,1050,Clothing,2081,2686.39,2686.39,[335]
East,1050,Electronics,2022,671.18,671.18,[220]
East,1050,Electronics,2051,117.32,117.32,[713]
East,1050,Electronics,2077,561.83,561.83,[366]
East,1050,Home,2049,2819.52,2819.52,[123]
East,1050,Home,2058,2867.02,1433.51,"[577, 1196]"
East,1050,Home,2064,1470.2,1470.2,[1298]
East,1050,Office,2043,873.45,873.45,[1724]
East,1050,Office,2092,771.54,771.54,[1007]
East,1053,Clothing,2020,601.33,601.33,[1808]
East,1053,Clothing,2038,2964.83,2964.83,[1659]
East,1053,Clothing,2044,332.13,332.13,[1768]
East,1053,Clothing,2088,709.35,709.35,[1430]
East,1053,Clothing,2094,1381.38,690.69,"[602, 1287]"
East,1053,Home,2042,167.61,167.61,[471]
East,1053,Home,2083,2304.48,2304.48,[1231]
East,1053,Home,2085,726.45,726.45,[982]
East,1053,Office,2073,1198.63,1198.63,[1385]
East,1055,Clothing,2066,2580.3,2580.3,[1236]
East,1055,Clothing,2074,1978.5,1978.5,[356]
East,1055,Clothing,2094,1578.72,1578.72,[39]
East,1055,Electronics,2017,1669.32,1669.32,[1438]
East,1055,Electronics,2018,488.03,488.03,[1795]
East,1055,Electronics,2032,945.6,945.6,[1139]
East,1055,Electronics,2075,3122.56,3122.56,[1353]
East,1055,Office,2016,0.0,0.0,[1598]
East,1055,Office,2041,4021.05,4021.05,[706]
East,1056,Clothing,2081,0.0,0.0,[128]
East,1056,Electronics,2017,834.66,834.66,[424]
East,1056,Electronics,2033,836.25,836.25,[1177]
East,1056,Home,2096,0.0,0.0,[1120]
East,1056,Office,2016,872.15,872.15,[1693]
East,1064,Clothing,2061,179.93,179.93,[1199]
East,1064,Clothing,2084,845.55,845.55,[550]
East,1064,Electronics,2029,12.16,12.16,[37]
East,1064,Home,2048,715.26,715.26,[1193]
East,1064,Home,2064,940.93,940.93,[1843]
East,1064,Office,2027,413.78,413.78,[830]
East,1064,Office,2071,1107.29,1107.29,[987]
East,1067,Clothing,2010,0.0,0.0,[1271]
East,1067,Clothing,2038,926.51,926.51,[1667]
East,1067,Electronics,2018,2169.04,2169.04,[1489]
East,1067,Home,2026,380.81,380.81,[1112]
East,1067,Home,2079,1901.08,1901.08,[1159]
East,1067,Home,2083,0.0,0.0,[376]
East,1068,Clothing,2002,0.0,0.0,[1757]
East,1068,Clothing,2038,0.0,0.0,[532]
East,1068,Clothing,2070,109.38,109.38,[82]
East,1068,Electronics,2018,2169.04,2169.04,[63]
East,1068,Electronics,2099,1938.96,1938.96,[1191]
East,1068,Home,2048,715.26,715.26,[469]
East,1068,Home,2050,0.0,0.0,[498]
East,1068,Home,2057,1179.85,1179.85,[349]
East,1068,Home,2093,2267.82,2267.82,[809]
East,1068,Office,2072,420.3,420.3,[1882]
East,1068,Office,2082,0.0,0.0,[1921]
East,1070,Clothing,2001,0.0,0.0,[126]
East,1070,Clothing,2006,633.6,633.6,[1614]
East,1070,Clothing,2010,311.36,311.36,[1810]
East,1070,Clothing,2066,0.0,0.0,[796]
East,1070,Clothing,2081,1492.44,1492.44,[303]
East,1070,Electronics,2018,0.0,0.0,[159]
East,1070,Electronics,2028,2551.76,1275.88,"[594, 1095]"
East,1070,Electronics,2033,752.62,752.62,[835]
East,1070,Electronics,2068,2460.72,2460.72,[1404]
East,1070,Electronics,2075,624.51,624.51,[225]
East,1070,Electronics,2098,1452.58,726.29,"[92, 1508]"
East,1070,Electronics,2099,1551.17,1551.17,[1091]
East,1070,Home,2026,190.4,190.4,[858]
East,1070,Office,2053,1830.45,1830.45,[534]
East,1070,Office,2082,719.82,719.82,[644]
East,1071,Clothing,2062,557.42,557.42,[807]
East,1071,Clothing,2084,281.85,281.85,[1786]
East,1071,Clothing,2097,2526.3,2526.3,[1726]
East,1071,Electronics,2018,0.0,0.0,[1800]
East,1071,Home,2004,834.52,834.52,[150]
East,1071,Home,2057,1310.94,1310.94,[721]
East,1071,Home,2096,1613.23,1613.23,[4]
East,1072,Clothing,2003,0.0,0.0,[1447]
East,1072,Clothing,2097,842.1,842.1,[994]
East,1072,Electronics,2032,1512.96,1512.96,[239]
East,1072,Home,2058,1200.15,1200.15,[408]
East,1072,Home,2079,855.49,855.49,[1009]
East,1072,Office,2034,0.0,0.0,[1185]
East,1072,Office,2043,4367.25,4367.25,[620]
East,1076,Clothing,2011,737.53,737.53,[1256]
East,1076,Clothing,2019,747.14,747.14,[1889]
East,1076,Clothing,2020,2254.98,2254.98,[510]
East,1076,Clothing,2087,955.9200000000001,477.96000000000004,"[500, 833]"
East,1076,Electronics,2028,1020.7,1020.7,[1251]
East,1076,Electronics,2032,6619.2,6619.2,[1137]
East,1076,Home,2036,217.98,217.98,[1976]
East,1076,Home,2048,1072.89,1072.89,[462]
East,1076,Home,2059,1536.15,1536.15,[446]
East,1076,Home,2086,2682.3,2682.3,[998]
East,1076,Office,2073,499.43,499.43,[1974]
East,1079,Clothing,2070,34.18,34.18,[85]
East,1079,Clothing,2088,3263.0099999999998,1631.5049999999999,"[1311, 1690]"
East,1079,Electronics,2023,3006.53,3006.53,[246]
East,1079,Electronics,2077,561.83,561.83,[1308]
East,1079,Home,2013,0.0,0.0,[12]
East,1079,Home,2042,167.61,167.61,[1415]
East,1079,Home,2050,186.78,186.78,[326]
East,1079,Home,2083,691.34,691.34,[241]
East,1086,Clothing,2003,924.43,924.43,[24]
East,1086,Clothing,2038,1667.72,1667.72,[746]
East,1086,Clothing,2044,373.64,373.64,[190]
East,1086,Clothing,2076,0.0,0.0,[768]
East,1086,Clothing,2088,2837.4,2837.4,[1643]
East,1086,Electronics,2007,1750.17,1750.17,[1538]
East,1086,Electronics,2023,3758.16,3758.16,[295]
East,1086,Home,2030,407.93,407.93,[1975]
East,1086,Home,2048,1394.7600000000002,697.3800000000001,"[1387, 2000]"
East,1086,Office,2021,2004.98,2004.98,[1755]
East,1086,Office,2071,553.64,553.64,[365]
East,1087,Clothing,2087,637.28,637.28,[621]
East,1087,Clothing,2088,567.48,567.48,[1285]
East,1087,Electronics,2077,449.46,449.46,[515]
East,1087,Home,2045,499.42,249.71,"[928, 1939]"
East,1087,Home,2050,168.1,168.1,[1379]
East,1087,Home,2058,2667.0,2667.0,[563]
East,1087,Office,2053,2440.6,2440.6,[1188]
East,1088,Clothing,2001,1113.34,1113.34,[1961]
East,1088,Clothing,2003,385.18,385.18,[560]
East,1088,Clothing,2044,830.32,830.32,[1654]
East,1088,Clothing,2061,799.68,799.68,[1167]
East,1088,Clothing,2084,0.0,0.0,[911]
East,1088,Clothing,2087,509.82,509.82,[1301]
East,1088,Electronics,2056,1888.99,1888.99,[1925]
East,1088,Electronics,2098,726.29,726.29,[392]
East,1088,Home,2055,129.46,129.46,[200]
East,1088,Home,2057,436.98,436.98,[1615]
East,1088,Office,2053,610.15,610.15,[1623]
East,1093,Clothing,2006,594.0,594.0,[924]
East,1093,Electronics,2022,604.06,604.06,[1610]
East,1093,Electronics,2028,1275.88,1275.88,[1230]
East,1093,Home,2014,221.67,221.67,[545]
East,1093,Home,2049,1691.71,1691.71,[676]
East,1093,Home,2050,747.12,373.56,"[1024, 1420]"
East,1093,Home,2064,793.91,793.91,[1026]
East,1093,Home,2086,3576.4,3576.4,[253]
East,1093,Office,2091,2717.37,2717.37,[874]
East,1097,Clothing,2015,2699.88,2699.88,[878]
East,1097,Clothing,2025,1258.29,1258.29,[1134]
East,1097,Clothing,2074,527.6,527.6,[1125]
East,1097,Electronics,2018,1084.52,1084.52,[949]
East,1097,Electronics,2068,1312.38,1312.38,[207]
East,1097,Electronics,2077,2022.59,2022.59,[1733]
East,1097,Home,2049,0.0,0.0,[956]
East,1097,Home,2057,436.98,436.98,[442]
East,1097,Home,2059,0.0,0.0,[475]
East,1097,Office,2016,290.72,290.72,[1831]
East,1097,Office,2054,810.46,810.46,[1711]
East,1097,Office,2072,420.3,420.3,[482]
East,1097,Office,2091,2717.37,2717.37,[726]
East,1099,Clothing,2001,0.0,0.0,[1806]
East,1099,Clothing,2066,0.0,0.0,[787]
East,1099,Clothing,2081,1492.44,1492.44,[1081]
East,1099,Clothing,2084,0.0,0.0,[1294]
East,1099,Home,2008,66.59,66.59,[1536]
East,1099,Home,2058,666.75,666.75,[147]
East,1099,Home,2060,1633.52,816.76,"[280, 1033]"
East,1099,Office,2034,408.51,408.51,[728]
East,1099,Office,2047,0.0,0.0,[1581]
East,1099,Office,2071,984.26,984.26,[795]
East,1099,Office,2078,383.43,383.43,[1440]
East,1099,Office,2091,905.79,905.79,[1399]
East,1099,Office,2092,1157.3,1157.3,[1966]
East,1100,Clothing,2097,2273.67,2273.67,[1958]
East,1100,Electronics,2022,1610.83,1610.83,[1414]
East,1100,Electronics,2033,2508.75,2508.75,[1746]
East,1100,Office,2047,803.95,803.95,[1866]
East,1103,Clothing,2002,779.4,779.4,[871]
East,1103,Clothing,2015,2024.91,2024.91,[1539]
East,1103,Clothing,2088,0.0,0.0,[32]
East,1103,Home,2052,2193.78,2193.78,[921]
East,1103,Home,2058,600.08,600.08,[499]
East,1103,Home,2065,376.27,376.27,[614]
East,1103,Office,2073,0.0,0.0,[1096]
East,1103,Office,2091,2173.9,2173.9,[1425]
East,1106,Clothing,2019,3735.72,3735.72,[798]
East,1106,Clothing,2061,599.76,599.76,[1999]
East,1106,Clothing,2088,1276.83,1276.83,[1558]
East,1106,Electronics,2022,671.18,671.18,[405]
East,1106,Electronics,2098,1634.15,1634.15,[1948]
East,1106,Home,2030,1019.82,1019.82,[1307]
East,1106,Home,2042,1173.27,1173.27,[1045]
East,1106,Home,2058,1333.5,1333.5,[1688]
East,1106,Home,2069,464.78,464.78,[970]
East,1106,Office,2034,136.17,136.17,[199]
East,1106,Office,2063,0.0,0.0,[1917]
East,1106,Office,2090,114.62,114.62,[1897]
East,1109,Clothing,2011,1638.96,1638.96,[775]
East,1109,Clothing,2061,799.68,799.68,[861]
East,1109,Electronics,2051,469.28,469.28,[1328]
East,1109,Home,2083,768.16,768.16,[629]
East,1109,Office,2021,668.33,668.33,[1013]
East,1109,Office,2034,326.81,326.81,[669]
East,1109,Office,2040,31.09,31.09,[643]
East,1112,Clothing,2044,560.47,560.47,[639]
East,1112,Electronics,2012,1869.57,1869.57,[102]
East,1112,Electronics,2029,13.51,13.51,[453]
East,1112,Home,2004,1669.05,1669.05,[131]
East,1112,Home,2058,0.0,0.0,[1941]
East,1112,Office,2021,835.41,835.41,[1041]
East,1112,Office,2053,0.0,0.0,[344]
East,1112,Office,2089,2067.6,2067.6,[83]
East,1119,Clothing,2081,0.0,0.0,[1232]
East,1119,Clothing,2084,0.0,0.0,[1507]
East,1119,Clothing,2087,0.0,0.0,[329]
East,1119,Electronics,2033,1338.0,1338.0,[783]
East,1119,Home,2014,1231.5,1231.5,[1713]
East,1119,Home,2055,269.7,269.7,[1888]
East,1119,Home,2079,4562.59,4562.59,[1609]
East,1119,Home,2083,768.16,768.16,[1293]
East,1119,Office,2016,258.42,258.42,[1847]
East,1119,Office,2040,69.08,69.08,[702]
East,1119,Office,2080,0.0,0.0,[1373]
East,1119,Office,2089,661.63,661.63,[10]
East,1121,Clothing,2001,0.0,0.0,[1135]
East,1121,Clothing,2002,2771.2,2771.2,[373]
East,1121,Clothing,2066,0.0,0.0,[368]
East,1121,Electronics,2017,2782.2,2782.2,[1451]
East,1121,Electronics,2037,1080.42,1080.42,[1642]
East,1121,Electronics,2075,2498.05,2498.05,[821]
East,1121,Home,2004,3709.0,3709.0,[1381]
East,1121,Home,2014,985.2,985.2,[778]
East,1121,Home,2049,751.87,751.87,[1197]
East,1121,Home,2059,2048.2,2048.2,[1164]
East,1121,Home,2086,3218.76,3218.76,[1719]
East,1121,Office,2016,646.04,646.04,[827]
East,1121,Office,2043,1572.21,1572.21,[1949]
East,1121,Office,2054,0.0,0.0,[1912]
East,1121,Office,2071,1845.48,1845.48,[1745]
East,1122,Clothing,2044,166.06,166.06,[390]
East,1122,Electronics,2051,234.64,234.64,[168]
East,1122,Electronics,2056,944.5,944.5,[46]
East,1122,Home,2059,1228.92,1228.92,[1423]
East,1122,Home,2085,217.94,217.94,[1600]
East,1122,Office,2041,1608.42,1608.42,[416]
East,1124,Clothing,2003,1386.65,1386.65,[1994]
East,1124,Clothing,2061,0.0,0.0,[1040]
East,1124,Clothing,2070,30.76,30.76,[1017]
East,1124,Clothing,2076,2176.39,2176.39,[1297]
East,1124,Clothing,2081,2686.39,2686.39,[586]
East,1124,Electronics,2023,2254.9,2254.9,[1480]
East,1124,Electronics,2051,351.96,351.96,[1918]
East,1124,Home,2014,0.0,0.0,[906]
East,1124,Home,2042,0.0,0.0,[856]
East,1124,Office,2071,1845.48,1845.48,[1783]
East,1126,Clothing,2038,1667.72,1667.72,[1933]
East,1126,Electronics,2017,927.4,927.4,[930]
East,1126,Electronics,2023,2254.9,1127.45,"[406, 1371]"
East,1126,Home,2014,492.6,492.6,[1860]
East,1126,Office,2082,1066.4,1066.4,[1437]
East,1129,Clothing,2009,198.93,99.465,"[226, 1475]"
East,1129,Clothing,2038,0.0,0.0,[1769]
East,1129,Electronics,2028,2551.76,2551.76,[916]
East,1129,Electronics,2033,1672.5,1672.5,[1737]
East,1129,Electronics,2077,2809.15,2809.15,[173]
East,1129,Home,2013,1870.72,1870.72,[1943]
East,1129,Home,2057,1747.92,1747.92,[363]
East,1129,Home,2058,1333.5,1333.5,[491]
East,1129,Home,2059,1382.54,1382.54,[409]
East,1129,Home,2065,752.54,752.54,[372]
East,1129,Office,2034,108.94,108.94,[93]
East,1129,Office,2082,1066.4,1066.4,[233]
East,1140,Clothing,2001,1237.05,1237.05,[1498]
East,1140,Clothing,2044,207.58,207.58,[1998]
East,1140,Electronics,2033,1338.0,1338.0,[1127]
East,1140,Home,2008,0.0,0.0,[1364]
East,1140,Home,2036,348.77,348.77,[1094]
East,1140,Home,2069,557.74,557.74,[320]
East,1140,Home,2083,1843.58,1843.58,[483]
East,1140,Office,2078,255.62,255.62,[1080]
East,1144,Electronics,2007,2100.2,1050.1,"[435, 784]"
East,1144,Home,2014,443.34,443.34,[429]
East,1144,Home,2024,298.25,298.25,[737]
East,1144,Home,2055,161.82,161.82,[1672]
East,1144,Office,2072,672.48,672.48,[1012]
East,1144,Office,2092,1446.63,1446.63,[1384]
East,1145,Clothing,2006,0.0,0.0,[1891]
East,1145,Clothing,2015,2024.91,2024.91,[1827]
East,1145,Electronics,2023,1503.26,1503.26,[1215]
East,1145,Electronics,2068,656.19,656.19,[1525]
East,1145,Home,2079,1901.08,1901.08,[54]
East,1145,Home,2086,5364.6,2682.3,"[1442, 1744]"
East,1145,Office,2043,1572.21,1572.21,[1431]
East,1152,Clothing,2076,2418.21,2418.21,[528]
East,1152,Clothing,2084,281.85,281.85,[1503]
East,1152,Electronics,2023,1879.08,1879.08,[1561]
East,1152,Electronics,2029,27.02,27.02,[1319]
East,1152,Electronics,2067,872.85,872.85,[172]
East,1152,Electronics,2068,656.19,656.19,[605]
East,1152,Electronics,2075,2107.73,2107.73,[1056]
East,1152,Home,2004,2781.75,2781.75,[451]
East,1152,Home,2083,1843.58,1843.58,[1279]
East,1152,Office,2090,57.31,57.31,[242]
East,1153,Electronics,2018,867.62,867.62,[1054]
East,1153,Electronics,2051,316.76,316.76,[837]
East,1153,Home,2065,470.34,470.34,[91]
East,1153,Home,2096,1075.49,1075.49,[1680]
East,1153,Office,2027,698.25,698.25,[1832]
East,1156,Clothing,2003,1925.9,1925.9,[905]
East,1156,Clothing,2006,198.0,198.0,[1468]
East,1156,Electronics,2007,1750.17,1750.17,[1367]
East,1156,Home,2035,0.0,0.0,[1073]
East,1156,Home,2036,1177.0900000000001,392.3633333333334,"[254, 316, 1223]"
East,1156,Home,2050,0.0,0.0,[579]
East,1156,Home,2065,423.31,423.31,[1444]
East,1156,Home,2083,1229.06,1229.06,[1493]
East,1156,Office,2040,138.16,138.16,[370]
East,1158,Clothing,2020,676.49,676.49,[1632]
East,1158,Clothing,2081,2984.88,2984.88,[492]
East,1158,Clothing,2087,477.96,477.96,[116]
East,1158,Electronics,2018,2169.04,2169.04,[1284]
East,1158,Home,2008,159.82,159.82,[108]
East,1158,Home,2042,402.26,402.26,[1607]
East,1158,Home,2057,699.17,699.17,[1835]
East,1158,Office,2047,904.45,904.45,[1617]
East,1158,Office,2078,568.04,568.04,[1905]
East,1161,Electronics,2018,1301.42,1301.42,[1147]
East,1161,Electronics,2023,939.54,939.54,[286]
East,1161,Electronics,2051,375.42,375.42,[989]
East,1161,Electronics,2056,1049.44,1049.44,[1815]
East,1161,Office,2082,213.28,213.28,[1527]
East,1161,Office,2095,392.63,392.63,[1166]
East,1162,Clothing,2011,1229.22,1229.22,[756]
East,1162,Clothing,2074,659.5,659.5,[850]
East,1162,Electronics,2007,583.39,583.39,[857]
East,1162,Home,2026,169.25,169.25,[1778]
East,1162,Home,2085,0.0,0.0,[617]
East,1162,Office,2090,257.9,257.9,[959]
East,1172,Clothing,2010,0.0,0.0,[197]
East,1172,Clothing,2061,719.71,719.71,[1046]
East,1172,Home,2004,834.52,834.52,[1089]
East,1172,Home,2013,4115.58,2057.79,"[1710, 1901]"
East,1172,Home,2014,197.04,197.04,[374]
East,1172,Home,2065,2822.04,2822.04,[1145]
East,1172,Home,2083,2304.48,2304.48,[1928]
East,1172,Office,2016,516.83,516.83,[945]
East,1172,Office,2095,3435.5299999999997,1717.7649999999999,"[140, 1107]"
East,1176,Clothing,2001,371.12,371.12,[1124]
East,1176,Clothing,2061,359.86,359.86,[887]
East,1176,Clothing,2062,557.42,557.42,[1985]
East,1176,Electronics,2032,756.48,756.48,[122]
East,1176,Electronics,2037,720.28,720.28,[952]
East,1176,Electronics,2056,524.72,524.72,[301]
East,1176,Home,2008,133.18,133.18,[1754]
East,1176,Home,2014,1231.5,1231.5,[877]
East,1176,Home,2085,581.16,581.16,[1803]
East,1176,Home,2086,1430.56,1430.56,[1760]
East,1176,Office,2040,55.26,55.26,[1070]
East,1176,Office,2041,1447.58,1447.58,[1327]
East,1176,Office,2090,343.87,343.87,[389]
East,1176,Office,2095,1472.37,1472.37,[1930]
East,1177,Clothing,2003,346.66,346.66,[1814]
East,1177,Clothing,2015,674.97,674.97,[1673]
East,1177,Clothing,2044,373.64,373.64,[865]
East,1177,Electronics,2051,281.57,281.57,[1904]
East,1177,Home,2008,492.77,246.385,"[548, 758]"
East,1177,Home,2050,186.78,186.78,[1838]
East,1177,Office,2027,1034.44,1034.44,[1988]
East,1177,Office,2072,1681.2,840.6,"[506, 1584]"
East,1178,Electronics,2012,623.19,623.19,[1596]
East,1178,Electronics,2017,1854.8,1854.8,[269]
East,1178,Electronics,2023,1503.26,1503.26,[1506]
East,1178,Electronics,2075,5464.48,5464.48,[1709]
East,1178,Electronics,2077,505.65,505.65,[1457]
East,1178,Home,2024,223.69,223.69,[1908]
East,1178,Home,2055,296.66999999999996,148.33499999999998,"[661, 1923]"
East,1178,Home,2079,950.54,950.54,[1292]
East,1178,Office,2016,0.0,0.0,[44]
East,1178,Office,2047,1004.94,1004.94,[1553]
East,1178,Office,2053,1647.4,1647.4,[461]
East,1178,Office,2092,867.98,867.98,[902]
East,1179,Clothing,2009,66.31,66.31,[992]
East,1179,Clothing,2019,1867.86,1867.86,[879]
East,1179,Clothing,2070,123.04,61.52,"[426, 943]"
East,1179,Electronics,2037,1440.56,1440.56,[125]
East,1179,Electronics,2051,211.18,211.18,[1962]
East,1179,Electronics,2075,1873.54,1873.54,[1448]
East,1179,Home,2013,1683.65,1683.65,[929]
East,1179,Home,2014,738.9,738.9,[174]
East,1179,Home,2058,1066.8,1066.8,[36]
East,1179,Home,2079,2851.62,2851.62,[797]
East,1179,Home,2085,242.15,242.15,[1241]
East,1179,Office,2021,835.41,835.41,[503]
East,1179,Office,2047,669.96,669.96,[694]
East,1181,Clothing,2015,1214.95,1214.95,[1504]
East,1181,Clothing,2019,4202.68,4202.68,[490]
East,1181,Clothing,2038,2779.53,2779.53,[1692]
East,1181,Clothing,2084,1127.4,1127.4,[1868]
East,1181,Electronics,2007,583.39,583.39,[1234]
East,1181,Electronics,2056,0.0,0.0,[1945]
East,1181,Electronics,2067,523.71,523.71,[1848]
East,1181,Home,2014,246.3,246.3,[946]
East,1181,Home,2026,507.74,507.74,[547]
East,1181,Home,2064,264.64,264.64,[813]
East,1181,Office,2054,1801.02,1801.02,[1839]
East,1183,Clothing,2025,503.32,503.32,[14]
East,1183,Clothing,2044,1037.9,1037.9,[1443]
East,1183,Clothing,2074,0.0,0.0,[1766]
East,1183,Electronics,2018,2711.3,2711.3,[276]
East,1183,Electronics,2022,2684.72,2684.72,[742]
East,1183,Electronics,2033,0.0,0.0,[1517]
East,1183,Electronics,2037,2160.84,2160.84,[88]
East,1183,Electronics,2099,1292.64,1292.64,[287]
East,1183,Home,2024,335.53,335.53,[1706]
East,1183,Home,2049,1879.68,1879.68,[1743]
East,1183,Home,2057,873.96,873.96,[926]
East,1183,Home,2060,367.54,367.54,[399]
East,1183,Home,2093,2267.82,2267.82,[1342]
East,1183,Office,2040,103.62,103.62,[346]
East,1183,Office,2047,1004.94,1004.94,[1801]
East,1184,Clothing,2003,1848.86,1848.86,[838]
East,1184,Clothing,2062,4149.71,2074.855,"[1455, 1787]"
East,1184,Electronics,2018,488.03,488.03,[103]
East,1184,Electronics,2056,1574.16,1574.16,[252]
East,1184,Electronics,2075,2341.92,2341.92,[1535]
East,1184,Home,2024,198.83,198.83,[1582]
East,1184,Home,2064,264.64,264.64,[1337]
East,1184,Office,2034,680.85,680.85,[1133]
East,1184,Office,2040,103.62,103.62,[1329]
East,1184,Office,2089,1984.9,1984.9,[565]
East,1185,Clothing,2002,692.8,692.8,[436]
East,1185,Clothing,2038,1667.72,1667.72,[94]
East,1185,Clothing,2088,2128.05,2128.05,[375]
East,1185,Electronics,2017,1854.8,1854.8,[1790]
East,1185,Electronics,2029,12.16,12.16,[1237]
East,1185,Electronics,2075,0.0,0.0,[40]
East,1185,Home,2004,2781.75,2781.75,[1249]
East,1185,Home,2036,980.91,980.91,[1501]
East,1185,Office,2071,984.26,984.26,[845]
East,1185,Office,2091,3623.16,3623.16,[841]
East,1192,Clothing,2076,1450.93,1450.93,[1267]
East,1192,Home,2042,1005.66,1005.66,[556]
East,1192,Home,2052,0.0,0.0,"[608, 1482]"
East,1192,Home,2079,950.54,950.54,[973]
East,1192,Home,2096,1814.89,1814.89,[1952]
East,1192,Office,2034,326.81,163.405,"[418, 1606]"
East,1192,Office,2082,213.28,213.28,[291]
East,1192,Office,2090,286.56,286.56,[575]
North,1003,Electronics,2007,1050.1,1050.1,[712]
North,1003,Electronics,2017,1112.88,1112.88,[1684]
North,1003,Electronics,2033,836.25,836.25,[654]
North,1003,Electronics,2037,1440.56,1440.56,[529]
North,1003,Home,2024,248.54,248.54,[1907]
North,1003,Home,2045,499.42,499.42,[161]
North,1003,Home,2052,731.26,731.26,[1499]
North,1003,Home,2058,2000.25,2000.25,[1351]
North,1003,Home,2086,1788.2,1788.2,[1720]
North,1003,Home,2093,680.35,680.35,[1591]
North,1003,Office,2021,2506.23,2506.23,[1202]
North,1003,Office,2041,2412.63,2412.63,[863]
North,1003,Office,2053,3660.9,3660.9,[18]
North,1003,Office,2073,1498.29,1498.29,[45]
North,1003,Office,2090,200.59,100.295,"[665, 908]"
North,1004,Clothing,2011,737.53,737.53,[31]
North,1004,Clothing,2025,0.0,0.0,[1058]
North,1004,Clothing,2062,2477.44,2477.44,[1556]
North,1004,Electronics,2000,2907.93,2907.93,[493]
North,1004,Electronics,2022,671.18,671.18,[162]
North,1004,Electronics,2033,0.0,0.0,[480]
North,1004,Electronics,2056,2098.88,2098.88,[380]
North,1004,Electronics,2067,465.52,465.52,[494]
North,1004,Electronics,2099,0.0,0.0,[1696]
North,1004,Home,2049,939.84,939.84,[990]
North,1004,Home,2058,1066.8,1066.8,[209]
North,1004,Home,2064,2205.3,1102.65,"[495, 1021]"
North,1004,Home,2079,0.0,0.0,[1220]
North,1004,Office,2063,552.46,552.46,[1519]
North,1004,Office,2080,3329.04,3329.04,[1772]
North,1012,Electronics,2023,2818.62,2818.62,[1356]
North,1012,Electronics,2051,93.86,93.86,[1825]
North,1012,Home,2036,653.94,653.94,[357]
North,1012,Home,2085,217.94,217.94,[397]
North,1012,Home,2086,2682.3,2682.3,[1266]
North,1012,Home,2096,672.18,672.18,[1973]
North,1012,Office,2082,853.12,853.12,[1872]
North,1013,Clothing,2019,0.0,0.0,[196]
North,1013,Clothing,2039,1562.3,1562.3,[1263]
North,1013,Electronics,2012,1994.21,1994.21,[398]
North,1013,Electronics,2032,2836.8,2836.8,[47]
North,1013,Home,2014,197.04,197.04,[1608]
North,1013,Home,2024,708.3399999999999,354.16999999999996,"[80, 1567]"
North,1013,Office,2082,1066.4,1066.4,[259]
North,1015,Home,2050,1064.65,532.325,"[153, 655]"
North,1015,Office,2080,3245.8100000000004,1622.9050000000002,"[1303, 1472]"
North,1017,Clothing,2038,0.0,0.0,[566]
North,1017,Clothing,2039,3905.76,3905.76,[1377]
North,1017,Clothing,2044,207.58,207.58,[282]
North,1017,Clothing,2076,0.0,0.0,[1671]
North,1017,Clothing,2097,757.89,757.89,[157]
North,1017,Electronics,2067,523.71,261.855,"[638, 1217]"
North,1017,Home,2059,409.64,409.64,[682]
North,1017,Home,2060,0.0,0.0,[224]
North,1017,Office,2071,553.64,553.64,[1313]
North,1026,Clothing,2010,62.27,62.27,[299]
North,1026,Home,2026,634.6800000000001,317.34000000000003,"[691, 983]"
North,1026,Home,2049,3383.42,3383.42,[866]
North,1026,Home,2065,1881.36,1881.36,[882]
North,1026,Office,2053,1830.45,1830.45,[903]
North,1026,Office,2073,1797.95,1797.95,[184]
North,1026,Office,2089,413.52,413.52,[15]
North,1042,Clothing,2009,53.05,53.05,[914]
North,1042,Clothing,2019,933.93,933.93,[1913]
North,1042,Clothing,2039,2929.32,2929.32,[64]
North,1042,Clothing,2088,709.35,709.35,[111]
North,1042,Electronics,2023,2254.9,2254.9,[1242]
North,1042,Electronics,2077,505.65,505.65,[11]
North,1042,Electronics,2098,4539.3,4539.3,[981]
North,1042,Home,2004,0.0,0.0,[1471]
North,1042,Home,2035,809.99,809.99,[1620]
North,1042,Home,2050,1120.68,1120.68,[1156]
North,1042,Home,2059,3072.3,3072.3,[1486]
North,1042,Office,2027,232.75,232.75,[791]
North,1042,Office,2047,803.95,803.95,[667]
North,1042,Office,2078,127.81,127.81,[603]
North,1042,Office,2092,1446.63,1446.63,[1055]
North,1045,Clothing,2020,1352.99,1352.99,[1360]
North,1045,Clothing,2038,1667.72,1667.72,[42]
North,1045,Clothing,2062,1858.08,1858.08,[1669]
North,1045,Clothing,2070,102.54,102.54,[1530]
North,1045,Electronics,2056,3148.32,3148.32,[1512]
North,1045,Electronics,2098,907.86,907.86,[221]
North,1045,Home,2030,407.93,407.93,[735]
North,1045,Home,2036,217.98,217.98,[1619]
North,1045,Home,2058,0.0,0.0,[1340]
North,1045,Home,2093,2267.82,2267.82,[751]
North,1045,Office,2040,31.09,31.09,[508]
North,1045,Office,2071,0.0,0.0,[1741]
North,1048,Clothing,2019,840.54,840.54,[1855]
North,1048,Clothing,2097,0.0,0.0,[470]
North,1048,Electronics,2000,4846.55,4846.55,[1068]
North,1048,Electronics,2056,524.72,524.72,[810]
North,1048,Electronics,2067,785.56,785.56,[1222]
North,1048,Home,2008,0.0,0.0,[1180]
North,1057,Clothing,2003,2079.97,2079.97,[1666]
North,1057,Clothing,2038,2501.58,2501.58,[388]
North,1057,Clothing,2066,1548.18,1548.18,[681]
North,1057,Electronics,2032,3782.4,3782.4,[828]
North,1057,Home,2085,1452.9,1452.9,[749]
North,1057,Office,2091,815.21,815.21,[1829]
North,1057,Office,2095,2453.95,2453.95,[847]
North,1061,Clothing,2010,389.2,389.2,[1597]
North,1061,Clothing,2070,27.34,27.34,[474]
North,1061,Electronics,2028,1148.29,1148.29,[463]
North,1061,Electronics,2098,2723.58,2723.58,[1875]
North,1061,Home,2014,665.01,665.01,[1781]
North,1061,Home,2026,423.12,423.12,[450]
North,1061,Home,2042,167.61,167.61,[915]
North,1061,Home,2079,2566.46,2566.46,[1428]
North,1061,Office,2082,799.8000000000001,399.90000000000003,"[975, 1599]"
North,1061,Office,2092,482.21,482.21,[28]
North,1066,Clothing,2019,933.93,933.93,[1169]
North,1066,Clothing,2020,1014.74,1014.74,[1674]
North,1066,Clothing,2046,200.58,200.58,[476]
North,1066,Electronics,2022,536.94,536.94,[1820]
North,1066,Electronics,2068,1968.58,1968.58,[1072]
North,1066,Home,2008,59.93,59.93,[1103]
North,1066,Home,2014,0.0,0.0,[1849]
North,1066,Home,2045,1123.7,1123.7,[1935]
North,1066,Home,2048,321.87,321.87,[2]
North,1066,Home,2049,0.0,0.0,[417]
North,1066,Home,2052,5118.82,5118.82,[988]
North,1066,Office,2040,55.26,55.26,[698]
North,1066,Office,2043,698.76,698.76,[26]
North,1066,Office,2053,0.0,0.0,[839]
North,1069,Clothing,2009,0.0,0.0,[679]
North,1069,Clothing,2015,2699.88,2699.88,[293]
North,1069,Electronics,2017,0.0,0.0,[1785]
North,1069,Home,2008,66.59,66.59,[1767]
North,1069,Home,2064,1470.2,1470.2,[66]
North,1069,Office,2034,217.87,217.87,[1494]
North,1069,Office,2089,372.17,372.17,[1182]
North,1075,Clothing,2025,0.0,0.0,[288]
North,1075,Electronics,2007,1166.78,1166.78,[1445]
North,1075,Electronics,2033,3345.0,1672.5,"[892, 1218]"
North,1075,Electronics,2077,2528.24,2528.24,[1587]
North,1075,Office,2053,4271.05,2135.525,"[561, 1622]"
North,1077,Clothing,2010,186.82,186.82,[1965]
North,1077,Clothing,2011,1024.35,512.175,"[1807, 1906]"
North,1077,Clothing,2015,1822.42,1822.42,[273]
North,1077,Electronics,2098,817.07,817.07,[1911]
North,1077,Home,2060,1633.52,1633.52,[1487]
North,1077,Home,2079,1901.08,1901.08,[1734]
North,1077,Home,2085,0.0,0.0,[1700]
North,1077,Office,2053,976.24,976.24,[880]
North,1077,Office,2072,1008.72,1008.72,[1628]
North,1084,Clothing,2003,0.0,0.0,[1865]
North,1084,Clothing,2046,0.0,0.0,[972]
North,1084,Electronics,2056,1574.16,1574.16,[539]
North,1084,Home,2052,2925.04,2925.04,[75]
North,1084,Home,2059,0.0,0.0,[965]
North,1084,Home,2086,2861.12,2861.12,[106]
North,1084,Office,2047,803.95,803.95,[848]
North,1084,Office,2071,492.13,246.065,"[569, 925]"
North,1089,Clothing,2011,1638.96,1638.96,[1861]
North,1089,Electronics,2028,1275.88,637.94,"[6, 971]"
North,1089,Home,2024,298.25,298.25,[1278]
North,1089,Home,2060,408.38,408.38,[564]
North,1089,Office,2071,0.0,0.0,[186]
North,1117,Clothing,2011,0.0,0.0,[1618]
North,1117,Clothing,2015,1619.93,1619.93,[1123]
North,1117,Clothing,2066,0.0,0.0,[1954]
North,1117,Home,2013,2244.86,2244.86,[537]
North,1117,Office,2082,799.8,799.8,[167]
North,1117,Office,2091,1811.58,1811.58,[985]
North,1128,Clothing,2019,1494.29,1494.29,[1395]
North,1128,Clothing,2044,373.64,373.64,[1122]
North,1128,Electronics,2028,2041.41,1020.705,"[166, 1687]"
North,1128,Electronics,2037,0.0,0.0,[1098]
North,1128,Electronics,2077,0.0,0.0,[1321]
North,1128,Electronics,2099,3877.92,3877.92,[382]
North,1128,Home,2004,2967.2,2967.2,[1936]
North,1128,Home,2086,804.69,804.69,[680]
North,1128,Office,2047,1004.94,1004.94,[265]
North,1128,Office,2089,744.34,744.34,[1265]
North,1128,Office,2095,0.0,0.0,[513]
North,1130,Clothing,2046,106.98,106.98,[245]
North,1130,Clothing,2081,1343.2,1343.2,[217]
North,1130,Electronics,2028,574.15,574.15,[322]
North,1130,Home,2035,899.99,899.99,[1728]
North,1130,Home,2049,845.86,845.86,[584]
North,1130,Home,2057,1747.92,1747.92,[433]
North,1130,Office,2089,413.52,413.52,[955]
North,1130,Office,2095,1963.16,1963.16,[558]
North,1141,Clothing,2006,0.0,0.0,[957]
North,1141,Clothing,2062,1486.46,1486.46,[1664]
North,1141,Clothing,2076,3224.28,3224.28,[645]
North,1141,Electronics,2018,2440.17,2440.17,[90]
North,1141,Electronics,2022,0.0,0.0,[1108]
North,1141,Electronics,2033,0.0,0.0,[1023]
North,1141,Electronics,2067,872.85,872.85,[34]
North,1141,Home,2013,748.29,748.29,[260]
North,1141,Home,2036,871.92,871.92,[362]
North,1141,Home,2049,1503.74,1503.74,[1804]
North,1141,Home,2060,408.38,408.38,[502]
North,1141,Office,2016,0.0,0.0,[325]
North,1141,Office,2071,1230.32,1230.32,[999]
North,1142,Clothing,2001,1237.05,1237.05,[27]
North,1142,Clothing,2006,0.0,0.0,[1934]
North,1142,Clothing,2084,0.0,0.0,[1854]
North,1142,Clothing,2097,4210.5,4210.5,[29]
North,1142,Electronics,2007,583.39,583.39,[181]
North,1142,Electronics,2012,1682.61,1682.61,[1434]
North,1142,Electronics,2067,1163.8,1163.8,[465]
North,1142,Electronics,2075,3903.2,3903.2,[458]
North,1142,Home,2049,0.0,0.0,[1332]
North,1142,Home,2083,1229.06,1229.06,[1426]
North,1142,Office,2063,1325.9,1325.9,[459]
North,1142,Office,2071,615.16,615.16,[526]
North,1142,Office,2078,568.04,568.04,[912]
North,1142,Office,2082,799.8,799.8,[1210]
North,1142,Office,2095,5595.01,1865.0033333333333,"[710, 1233, 1239]"
North,1149,Clothing,2038,926.51,926.51,[1665]
North,1149,Clothing,2061,1559.38,779.69,"[377, 937]"
North,1149,Clothing,2062,1858.08,1858.08,[1579]
North,1149,Clothing,2087,637.28,637.28,[1836]
North,1149,Electronics,2000,4846.55,4846.55,[1863]
North,1149,Electronics,2018,1626.78,1626.78,[117]
North,1149,Electronics,2051,0.0,0.0,[552]
North,1149,Electronics,2075,780.64,780.64,[714]
North,1149,Office,2063,2762.3,2762.3,[1984]
North,1149,Office,2073,799.09,799.09,[947]
North,1149,Office,2092,1157.3,1157.3,[419]
North,1150,Clothing,2003,1155.54,1155.54,[1102]
North,1150,Clothing,2081,1193.95,1193.95,[660]
North,1150,Clothing,2087,477.96,477.96,[1926]
North,1150,Clothing,2094,2466.75,2466.75,[1065]
North,1150,Electronics,2018,1084.52,1084.52,[509]
North,1150,Home,2064,294.04,294.04,[873]
North,1150,Home,2093,1814.26,1814.26,[642]
North,1150,Office,2071,492.13,492.13,[1983]
North,1150,Office,2092,482.21,482.21,[1898]
North,1150,Office,2095,490.79,490.79,[148]
North,1154,Electronics,2023,751.63,751.63,[298]
North,1154,Home,2060,408.38,408.38,[231]
North,1154,Office,2040,69.08,69.08,[753]
North,1154,Office,2082,639.84,639.84,[1151]
North,1154,Office,2091,3260.84,3260.84,[1044]
North,1155,Clothing,2025,503.32,503.32,[884]
North,1155,Clothing,2062,1858.08,1858.08,[1932]
North,1155,Electronics,2012,623.19,623.19,[1059]
North,1155,Home,2030,509.91,509.91,[1246]
North,1155,Home,2065,1128.82,1128.82,[369]
North,1155,Home,2085,726.45,726.45,[1842]
North,1155,Office,2040,27.63,27.63,[1369]
North,1155,Office,2082,959.76,959.76,[1647]
North,1159,Clothing,2088,0.0,0.0,[105]
North,1159,Electronics,2033,752.62,752.62,[1899]
North,1159,Electronics,2077,561.83,561.83,[881]
North,1159,Home,2065,1693.22,1693.22,[1771]
North,1159,Home,2093,0.0,0.0,[1289]
North,1159,Office,2071,1660.93,1660.93,[1407]
North,1164,Clothing,2020,1879.15,1879.15,[913]
North,1164,Clothing,2081,2984.88,2984.88,[155]
North,1164,Electronics,2033,836.25,836.25,[1485]
North,1164,Home,2069,0.0,0.0,[780]
North,1164,Home,2085,387.44,387.44,[460]
North,1164,Office,2041,804.21,804.21,[1224]
North,1164,Office,2092,2893.26,2893.26,[991]
North,1167,Clothing,2002,866.0,866.0,[1542]
North,1167,Clothing,2011,327.79,327.79,[846]
North,1167,Clothing,2044,560.47,560.47,[1357]
North,1167,Clothing,2046,133.72,133.72,[420]
North,1167,Clothing,2074,2638.0,2638.0,[1495]
North,1167,Electronics,2000,969.31,969.31,[1090]
North,1167,Electronics,2012,0.0,0.0,[149]
North,1167,Home,2048,1072.89,1072.89,[1037]
North,1167,Home,2049,0.0,0.0,[1160]
North,1167,Home,2060,735.08,735.08,[401]
North,1167,Home,2085,629.59,314.795,"[923, 1668]"
North,1167,Office,2016,290.72,290.72,[609]
North,1170,Clothing,2001,659.76,659.76,[119]
North,1170,Clothing,2015,0.0,0.0,[421]
North,1170,Clothing,2094,986.7,986.7,[664]
North,1170,Electronics,2012,560.87,560.87,[1880]
North,1170,Office,2040,0.0,0.0,[1637]
North,1173,Clothing,2066,2580.3,2580.3,[831]
North,1173,Clothing,2084,281.85,281.85,[1115]
North,1173,Electronics,2000,872.38,872.38,[864]
North,1173,Electronics,2028,2551.76,2551.76,[1886]
North,1173,Electronics,2068,0.0,0.0,[1540]
North,1173,Electronics,2077,1516.94,1516.94,[1143]
North,1173,Electronics,2098,3631.44,3631.44,[386]
North,1173,Home,2057,349.58,349.58,[309]
North,1173,Home,2069,697.17,348.585,"[120, 511]"
North,1173,Home,2086,715.28,715.28,[201]
North,1173,Home,2096,672.18,672.18,[129]
North,1173,Office,2089,0.0,0.0,[1104]
North,1187,Clothing,2009,464.17,232.085,"[1235, 1257]"
North,1187,Clothing,2015,0.0,0.0,[668]
North,1187,Electronics,2007,466.71,466.71,[1971]
North,1187,Home,2013,2993.15,2993.15,[635]
North,1187,Home,2024,372.81,372.81,[1211]
North,1187,Home,2030,509.91,509.91,[1461]
North,1187,Home,2059,1843.38,1843.38,[1216]
North,1187,Home,2069,627.45,627.45,[687]
North,1187,Home,2093,680.35,680.35,[1871]
North,1187,Office,2016,2584.16,2584.16,[938]
North,1187,Office,2073,399.54,399.54,[455]
North,1187,Office,2080,0.0,0.0,[1020]
North,1188,Clothing,2025,251.66,251.66,[1111]
North,1188,Clothing,2039,1562.3,1562.3,[1879]
North,1188,Electronics,2017,417.33,417.33,[1077]
North,1188,Home,2004,2967.2,2967.2,[840]
North,1188,Home,2052,2925.04,2925.04,[1811]
North,1188,Home,2083,1229.06,1229.06,[599]
North,1188,Home,2086,2861.12,2861.12,[1548]
North,1188,Home,2093,1814.26,1814.26,[1029]
North,1188,Office,2041,1608.42,1608.42,[68]
North,1188,Office,2043,1572.21,1572.21,[412]
North,1189,Clothing,2062,4335.52,2167.76,"[811, 1997]"
North,1189,Home,2014,0.0,0.0,[895]
North,1189,Home,2079,3802.16,3802.16,[685]
North,1189,Office,2021,1336.66,1336.66,[1723]
North,1189,Office,2053,1464.36,1464.36,[1656]
North,1196,Clothing,2044,207.58,207.58,[1424]
North,1196,Clothing,2062,1114.85,1114.85,[247]
North,1196,Clothing,2070,27.34,27.34,[1247]
North,1196,Clothing,2081,746.22,746.22,[1240]
North,1196,Electronics,2000,0.0,0.0,[1378]
North,1196,Electronics,2017,1112.8799999999999,556.4399999999999,"[204, 441]"
North,1196,Electronics,2018,433.81,433.81,[1640]
North,1196,Electronics,2075,2341.92,2341.92,[1022]
North,1196,Home,2036,0.0,0.0,[257]
North,1196,Home,2052,2632.54,2632.54,[327]
North,1196,Home,2055,194.18,194.18,[1173]
North,1196,Home,2079,2851.62,2851.62,[250]
North,1196,Office,2021,751.87,751.87,[1346]
North,1196,Office,2080,832.26,832.26,[1679]
North,1196,Office,2082,533.2,533.2,[1809]
North,1196,Office,2091,0.0,0.0,[1194]
South,1005,Clothing,2002,3464.0,3464.0,[1823]
South,1005,Clothing,2009,53.05,53.05,[535]
South,1005,Clothing,2010,233.52,233.52,[1649]
South,1005,Clothing,2015,0.0,0.0,[1701]
South,1005,Electronics,2018,542.26,542.26,[743]
South,1005,Electronics,2075,3122.56,3122.56,[1995]
South,1005,Electronics,2098,4085.3700000000003,2042.6850000000002,"[1252, 1648]"
South,1005,Home,2008,466.13,466.13,[715]
South,1005,Home,2024,621.35,621.35,[933]
South,1005,Home,2026,211.56,211.56,[1876]
South,1005,Home,2030,679.88,679.88,[648]
South,1005,Home,2052,1170.02,1170.02,[1142]
South,1005,Home,2079,855.49,855.49,[8]
South,1005,Home,2083,691.34,691.34,[1964]
South,1005,Office,2034,544.68,544.68,[1830]
South,1005,Office,2040,103.62,103.62,[765]
South,1005,Office,2043,2882.38,1441.19,"[567, 806]"
South,1005,Office,2073,0.0,0.0,[1402]
South,1005,Office,2078,426.03,426.03,[1942]
South,1005,Office,2090,193.43,193.43,[968]
South,1021,Clothing,2039,878.8,878.8,[658]
South,1021,Clothing,2097,673.68,673.68,[261]
South,1021,Electronics,2017,463.7,463.7,[1456]
South,1021,Electronics,2018,542.26,542.26,[1481]
South,1021,Electronics,2067,261.86,261.86,[1344]
South,1021,Home,2036,348.77,348.77,[1067]
South,1021,Home,2085,0.0,0.0,[785]
South,1021,Office,2027,775.83,775.83,[1052]
South,1021,Office,2034,544.68,544.68,[1950]
South,1021,Office,2040,69.08,69.08,[1788]
South,1021,Office,2041,0.0,0.0,[1715]
South,1021,Office,2043,2620.35,2620.35,[1956]
South,1021,Office,2047,1674.9,1674.9,[627]
South,1021,Office,2080,2247.1,2247.1,[1533]
South,1025,Clothing,2020,375.83,375.83,[1812]
South,1025,Clothing,2074,593.55,593.55,[1705]
South,1025,Clothing,2087,0.0,0.0,[152]
South,1025,Clothing,2088,0.0,0.0,[1138]
South,1025,Clothing,2094,1973.4,1973.4,[1731]
South,1025,Clothing,2097,842.1,842.1,[110]
South,1025,Electronics,2022,1073.89,1073.89,[893]
South,1025,Home,2030,0.0,0.0,[1577]
South,1025,Home,2055,107.88,107.88,[514]
South,1025,Home,2064,705.7,705.7,[249]
South,1025,Office,2080,7074.21,3537.105,"[622, 1555]"
South,1025,Office,2092,771.54,771.54,[477]
South,1054,Clothing,2011,327.79,327.79,[1967]
South,1054,Clothing,2025,671.09,671.09,[395]
South,1054,Clothing,2084,901.92,901.92,[1773]
South,1054,Clothing,2097,2273.67,2273.67,[1550]
South,1054,Electronics,2023,751.63,751.63,[1900]
South,1054,Home,2024,372.81,372.81,[472]
South,1054,Home,2035,899.99,899.99,[1796]
South,1054,Home,2064,235.23,235.23,[1708]
South,1054,Home,2065,376.27,376.27,[1079]
South,1054,Office,2063,441.97,441.97,[619]
South,1060,Clothing,2010,544.88,544.88,[917]
South,1060,Clothing,2038,3335.44,3335.44,[456]
South,1060,Clothing,2044,934.11,934.11,[755]
South,1060,Clothing,2081,1193.95,1193.95,[1201]
South,1060,Home,2013,0.0,0.0,[219]
South,1060,Home,2014,591.12,591.12,[1634]
South,1060,Home,2048,1144.42,1144.42,[124]
South,1062,Clothing,2009,66.31,66.31,[1275]
South,1062,Clothing,2011,1229.22,614.61,"[22, 662]"
South,1062,Clothing,2070,30.76,30.76,[1355]
South,1062,Clothing,2074,1187.1,1187.1,[1554]
South,1062,Clothing,2094,1973.4,1973.4,[452]
South,1062,Electronics,2032,756.48,756.48,[466]
South,1062,Electronics,2067,0.0,0.0,[114]
South,1062,Home,2096,672.18,672.18,[23]
South,1062,Office,2089,3308.16,1654.08,"[473, 1543]"
South,1081,Clothing,2046,33.43,33.43,[522]
South,1081,Clothing,2062,495.49,495.49,[1010]
South,1081,Clothing,2076,2418.21,2418.21,[729]
South,1081,Electronics,2012,1682.61,1682.61,[267]
South,1081,Electronics,2018,867.62,867.62,[1314]
South,1081,Electronics,2077,1797.86,1797.86,[1651]
South,1081,Home,2030,339.94,339.94,[348]
South,1081,Home,2048,572.21,572.21,[1758]
South,1081,Home,2057,1179.84,589.92,"[699, 1819]"
South,1081,Home,2059,409.64,409.64,[1675]
South,1081,Home,2093,755.94,755.94,[794]
South,1081,Office,2082,1066.4,1066.4,[328]
South,1081,Office,2095,490.79,490.79,[99]
South,1083,Clothing,2011,1638.96,1638.96,[683]
South,1083,Clothing,2015,0.0,0.0,[205]
South,1083,Clothing,2066,1754.6,877.3,"[431, 1978]"
South,1083,Home,2048,0.0,0.0,[544]
South,1083,Home,2058,2000.25,2000.25,[1421]
South,1083,Office,2021,668.33,668.33,[212]
South,1083,Office,2073,2247.44,2247.44,[352]
South,1090,Clothing,2020,751.66,751.66,[1704]
South,1090,Home,2036,588.55,588.55,[1631]
South,1090,Home,2058,1066.8,1066.8,[580]
South,1090,Office,2027,1112.03,556.015,"[720, 1109]"
South,1090,Office,2053,1830.45,1830.45,[1813]
South,1095,Clothing,2019,933.93,933.93,[178]
South,1095,Electronics,2032,1512.96,1512.96,[281]
South,1095,Electronics,2098,2451.22,2451.22,[1205]
South,1095,Home,2004,0.0,0.0,[1393]
South,1095,Home,2036,1046.3000000000002,523.1500000000001,"[236, 1630]"
South,1095,Home,2050,168.1,168.1,[559]
South,1095,Home,2057,1136.1399999999999,568.0699999999999,"[1391, 1638]"
South,1095,Home,2059,1638.56,1638.56,[1189]
South,1095,Home,2079,950.54,950.54,[1117]
South,1095,Office,2043,0.0,0.0,[898]
South,1096,Clothing,2009,198.93,198.93,[551]
South,1096,Clothing,2070,136.72,136.72,[1345]
South,1096,Clothing,2074,1055.2,1055.2,[1290]
South,1096,Clothing,2084,0.0,0.0,[1505]
South,1096,Electronics,2028,2551.76,2551.76,[1578]
South,1096,Home,2049,939.84,939.84,[1057]
South,1096,Home,2057,1310.94,1310.94,[613]
South,1096,Office,2072,378.27,378.27,[1100]
South,1110,Clothing,2046,30.09,30.09,[19]
South,1110,Electronics,2017,370.96,370.96,[359]
South,1110,Electronics,2023,1879.08,1879.08,[518]
South,1110,Electronics,2037,324.13,324.13,[1268]
South,1110,Home,2014,246.3,246.3,[1937]
South,1110,Home,2036,348.77,348.77,[1851]
South,1110,Home,2064,0.0,0.0,[331]
South,1110,Home,2083,768.16,768.16,[769]
South,1114,Clothing,2009,198.93,198.93,[1982]
South,1114,Clothing,2020,676.49,676.49,[1028]
South,1114,Electronics,2022,3020.31,3020.31,[961]
South,1114,Electronics,2068,656.19,656.19,[95]
South,1114,Office,2040,34.54,34.54,[919]
South,1114,Office,2089,827.04,827.04,[1078]
South,1118,Clothing,2015,4049.82,4049.82,[849]
South,1118,Clothing,2025,0.0,0.0,[1824]
South,1118,Clothing,2074,659.5,659.5,[229]
South,1118,Electronics,2007,1750.17,1750.17,[464]
South,1118,Electronics,2098,907.86,907.86,[1602]
South,1118,Home,2013,1870.72,1870.72,[711]
South,1118,Home,2052,0.0,0.0,[1383]
South,1118,Home,2057,699.17,699.17,[1016]
South,1118,Home,2064,882.12,882.12,[818]
South,1118,Office,2082,799.8,799.8,[1336]
South,1120,Clothing,2002,1558.8,1558.8,[1914]
South,1120,Clothing,2003,1039.99,1039.99,[142]
South,1120,Clothing,2062,2477.44,2477.44,[779]
South,1120,Home,2058,1600.2,1600.2,[1469]
South,1120,Office,2078,227.22,227.22,[1128]
South,1120,Office,2080,665.81,665.81,[1467]
South,1120,Office,2090,214.92,214.92,[1616]
South,1135,Clothing,2001,989.64,989.64,[650]
South,1135,Clothing,2038,926.51,926.51,[852]
South,1135,Clothing,2046,80.23,80.23,[311]
South,1135,Clothing,2087,318.64,318.64,[1491]
South,1135,Home,2004,3709.0,3709.0,[1605]
South,1135,Home,2045,842.78,842.78,[731]
South,1135,Home,2064,793.91,793.91,[134]
South,1135,Office,2090,0.0,0.0,[428]
South,1136,Clothing,2002,1732.0,1732.0,[1184]
South,1136,Clothing,2074,593.55,593.55,[1683]
South,1136,Clothing,2081,2238.66,2238.66,[1492]
South,1136,Clothing,2094,1776.06,888.03,"[404, 733]"
South,1136,Home,2030,509.91,509.91,[255]
South,1136,Home,2050,933.9,933.9,[618]
South,1136,Home,2057,1310.94,1310.94,[1537]
South,1136,Home,2059,2560.25,2560.25,[1427]
South,1136,Office,2043,3493.8,3493.8,[1528]
South,1136,Office,2047,267.98,267.98,[1798]
South,1138,Clothing,2044,166.06,83.03,"[689, 1408]"
South,1138,Electronics,2007,2333.56,2333.56,[439]
South,1138,Electronics,2056,944.5,944.5,[1411]
South,1138,Electronics,2098,817.07,817.07,[1515]
South,1138,Home,2096,2688.72,2688.72,[597]
South,1138,Office,2016,872.15,872.15,[1309]
South,1138,Office,2072,672.48,672.48,[1264]
South,1138,Office,2082,533.2,533.2,[487]
South,1138,Office,2089,744.34,744.34,[1214]
South,1168,Clothing,2020,601.33,601.33,[1243]
South,1168,Clothing,2038,1667.72,1667.72,[646]
South,1168,Clothing,2061,599.76,599.76,[185]
South,1168,Clothing,2076,2418.21,2418.21,[939]
South,1168,Home,2065,1411.02,1411.02,[1698]
South,1168,Home,2069,232.39,232.39,[79]
South,1168,Home,2079,1901.08,1901.08,[338]
South,1168,Office,2071,1968.51,1968.51,[843]
South,1191,Clothing,2087,1433.8799999999999,716.9399999999999,"[984, 1110]"
South,1191,Electronics,2067,872.85,872.85,[193]
South,1191,Home,2050,1064.65,532.325,"[647, 997]"
South,1191,Home,2055,48.55,48.55,[206]
South,1191,Home,2083,768.16,768.16,[1262]
South,1191,Office,2095,1963.16,1963.16,[1794]
South,1193,Clothing,2003,346.66,346.66,[7]
South,1193,Clothing,2061,199.92,199.92,[1172]
South,1193,Clothing,2081,2238.66,2238.66,[1968]
South,1193,Clothing,2094,1480.05,1480.05,[512]
South,1193,Clothing,2097,2273.67,2273.67,[1416]
South,1193,Electronics,2028,1531.06,1531.06,[137]
South,1193,Electronics,2068,820.24,820.24,[1707]
South,1193,Electronics,2075,1561.28,1561.28,[786]
South,1193,Home,2036,348.77,348.77,[402]
South,1193,Office,2043,2620.35,2620.35,[1101]
South,1193,Office,2053,1830.45,1830.45,[934]
South,1193,Office,2054,0.0,0.0,[1883]
South,1193,Office,2072,1681.2,1681.2,[222]
South-West,1018,Clothing,2009,0.0,0.0,[1518]
South-West,1018,Electronics,2029,27.02,27.02,[634]
South-West,1018,Home,2004,927.25,927.25,[1541]
South-West,1018,Home,2030,135.98,135.98,[1574]
South-West,1018,Home,2050,0.0,0.0,[208]
South-West,1018,Office,2043,2620.35,2620.35,[766]
South-West,1018,Office,2082,0.0,0.0,[1454]
South-West,1036,Clothing,2094,2466.75,2466.75,[192]
South-West,1036,Electronics,2077,1123.66,1123.66,[306]
South-West,1036,Electronics,2098,817.07,817.07,[1397]
South-West,1036,Home,2050,747.12,747.12,[1722]
South-West,1036,Home,2064,294.04,294.04,[1986]
South-West,1036,Home,2079,950.54,950.54,[803]
South-West,1036,Home,2093,0.0,0.0,[1465]
South-West,1036,Home,2096,1814.89,1814.89,[1552]
South-West,1036,Office,2072,1260.9,1260.9,[191]
South-West,1036,Office,2073,1997.72,1997.72,[612]
South-West,1036,Office,2090,0.0,0.0,[1409]
South-West,1052,Clothing,2046,26.74,26.74,[1944]
South-West,1052,Clothing,2087,0.0,0.0,[1441]
South-West,1052,Electronics,2007,2333.56,2333.56,[604]
South-West,1052,Electronics,2018,2169.04,2169.04,[1559]
South-West,1052,Home,2024,298.25,298.25,[771]
South-West,1052,Office,2043,698.76,698.76,[345]
South-West,1052,Office,2047,334.98,334.98,[478]
South-West,1052,Office,2092,1928.84,1928.84,[1398]
South-West,1063,Clothing,2015,1214.95,1214.95,[51]
South-West,1063,Clothing,2020,375.83,375.83,[1176]
South-West,1063,Clothing,2066,516.06,258.03,"[1818, 1890]"
South-West,1063,Clothing,2094,493.35,493.35,[1161]
South-West,1063,Electronics,2028,510.35,510.35,[1014]
South-West,1063,Home,2030,509.91,509.91,[1753]
South-West,1063,Home,2036,653.94,653.94,[1106]
South-West,1063,Home,2079,1710.97,1710.97,[1113]
South-West,1063,Office,2041,2171.37,2171.37,[1592]
South-West,1063,Office,2090,71.64,71.64,[234]
South-West,1063,Office,2092,867.98,867.98,[536]
South-West,1078,Electronics,2051,117.32,117.32,[1435]
South-West,1078,Home,2026,761.62,761.62,[1001]
South-West,1078,Home,2036,588.55,588.55,[1996]
South-West,1078,Home,2057,393.28,393.28,[300]
South-West,1078,Home,2059,1536.15,1536.15,[704]
South-West,1078,Home,2093,0.0,0.0,[750]
South-West,1078,Office,2016,872.15,872.15,[1694]
South-West,1078,Office,2047,535.97,535.97,[1993]
South-West,1078,Office,2073,499.43,499.43,[1076]
South-West,1080,Clothing,2015,4657.29,2328.645,"[38, 582]"
South-West,1080,Clothing,2070,0.0,0.0,[1244]
South-West,1080,Clothing,2087,127.46,127.46,[1681]
South-West,1080,Clothing,2094,0.0,0.0,[1853]
South-West,1080,Electronics,2022,1073.89,1073.89,[542]
South-West,1080,Home,2057,699.17,699.17,[588]
South-West,1080,Office,2040,55.26,55.26,[1150]
South-West,1080,Office,2054,3602.04,3602.04,[177]
South-West,1080,Office,2091,2717.37,2717.37,[855]
South-West,1091,Clothing,2010,210.17,210.17,[1320]
South-West,1091,Clothing,2011,819.48,819.48,[1646]
South-West,1091,Electronics,2056,1049.44,1049.44,[897]
South-West,1091,Electronics,2099,1034.11,1034.11,[292]
South-West,1091,Home,2057,786.56,786.56,[953]
South-West,1091,Home,2060,1225.14,1225.14,[1727]
South-West,1091,Home,2096,1209.92,1209.92,[870]
South-West,1091,Office,2016,1292.08,1292.08,[1008]
South-West,1091,Office,2047,0.0,0.0,[113]
South-West,1091,Office,2082,0.0,0.0,[1208]
South-West,1091,Office,2090,386.86,193.43,"[885, 1859]"
South-West,1091,Office,2092,385.77,385.77,[1212]
South-West,1101,Clothing,2039,2636.39,2636.39,[215]
South-West,1101,Clothing,2084,1127.4,1127.4,[995]
South-West,1101,Electronics,2018,867.62,867.62,[1652]
South-West,1101,Electronics,2056,524.72,524.72,[1721]
South-West,1101,Home,2042,335.22,335.22,[804]
South-West,1101,Home,2083,2074.03,2074.03,[1274]
South-West,1101,Home,2085,217.94,217.94,[1844]
South-West,1101,Office,2043,3493.8,3493.8,[941]
South-West,1101,Office,2080,3745.17,3745.17,[628]
South-West,1111,Electronics,2022,671.18,671.18,[20]
South-West,1111,Electronics,2032,3782.4,3782.4,[1571]
South-West,1111,Electronics,2051,211.18,211.18,[1523]
South-West,1111,Electronics,2075,1561.28,1561.28,[214]
South-West,1111,Home,2052,731.26,731.26,[1777]
South-West,1111,Home,2069,836.6,836.6,[1450]
South-West,1111,Office,2053,3294.81,3294.81,[1261]
South-West,1111,Office,2080,4993.5599999999995,2496.7799999999997,"[1884, 1910]"
South-West,1111,Office,2082,0.0,0.0,[504]
South-West,1123,Electronics,2098,3631.44,3631.44,[1064]
South-West,1123,Home,2049,751.87,751.87,[1429]
South-West,1123,Home,2060,2450.28,2450.28,[89]
South-West,1123,Home,2083,1382.69,1382.69,[1909]
South-West,1123,Home,2093,3023.76,3023.76,[1396]
South-West,1123,Office,2021,0.0,0.0,[1053]
South-West,1123,Office,2071,1845.48,1845.48,[1273]
South-West,1123,Office,2092,0.0,0.0,[1368]
South-West,1133,Clothing,2019,747.14,747.14,[1992]
South-West,1133,Clothing,2025,838.86,838.86,[1775]
South-West,1133,Clothing,2084,0.0,0.0,[1225]
South-West,1133,Clothing,2094,1973.4,1973.4,[1977]
South-West,1133,Electronics,2000,872.38,872.38,[1069]
South-West,1133,Home,2013,3741.44,3741.44,[1330]
South-West,1133,Office,2043,1397.52,1397.52,[1497]
South-West,1137,Clothing,2015,539.98,539.98,[139]
South-West,1137,Clothing,2044,830.32,830.32,[800]
South-West,1137,Electronics,2023,1503.26,1503.26,[576]
South-West,1137,Home,2045,0.0,0.0,[703]
South-West,1146,Clothing,2006,792.0,792.0,[1473]
South-West,1146,Clothing,2094,789.36,789.36,[1791]
South-West,1146,Electronics,2012,623.19,623.19,[1759]
South-West,1146,Electronics,2051,0.0,0.0,[1765]
South-West,1146,Electronics,2068,2952.86,2952.86,[430]
South-West,1146,Electronics,2099,581.69,581.69,[824]
South-West,1146,Home,2014,0.0,0.0,[596]
South-West,1146,Home,2030,543.9,543.9,[788]
South-West,1146,Home,2055,0.0,0.0,[718]
South-West,1146,Home,2057,436.98,436.98,[918]
South-West,1146,Home,2083,614.53,614.53,[230]
South-West,1146,Home,2085,653.81,653.81,[889]
South-West,1146,Office,2016,0.0,0.0,[1132]
South-West,1146,Office,2053,1220.3,1220.3,[278]
South-West,1146,Office,2089,744.34,744.34,[379]
South-West,1146,Office,2095,1963.16,1963.16,[1270]
South-West,1147,Clothing,2010,70.06,70.06,[1817]
South-West,1147,Clothing,2070,34.18,34.18,[1588]
South-West,1147,Electronics,2000,4846.55,4846.55,[1522]
South-West,1147,Electronics,2007,0.0,0.0,[1959]
South-West,1147,Home,2035,809.99,809.99,[1118]
South-West,1147,Home,2049,4229.28,2114.64,"[585, 734]"
South-West,1147,Home,2083,691.34,691.34,[763]
South-West,1147,Home,2086,4470.5,4470.5,[13]
South-West,1147,Home,2093,2267.82,2267.82,[1484]
South-West,1147,Office,2016,516.83,516.83,[1635]
South-West,1147,Office,2054,2701.53,2701.53,[210]
South-West,1147,Office,2080,0.0,0.0,[49]
South-West,1166,Clothing,2038,2223.62,2223.62,[625]
South-West,1166,Clothing,2061,179.93,179.93,[1612]
South-West,1166,Clothing,2076,0.0,0.0,[540]
South-West,1166,Home,2026,0.0,0.0,[340]
South-West,1166,Home,2035,899.99,899.99,[312]
South-West,1166,Home,2052,1389.3899999999999,694.6949999999999,"[144, 826]"
South-West,1166,Office,2021,0.0,0.0,[901]
South-West,1166,Office,2040,27.63,27.63,[748]
South-West,1166,Office,2095,1472.37,1472.37,[1179]
South-West,1169,Clothing,2010,140.11,140.11,[56]
South-West,1169,Clothing,2019,747.14,747.14,[1439]
South-West,1169,Clothing,2061,319.87,319.87,[384]
South-West,1169,Clothing,2074,0.0,0.0,[33]
South-West,1169,Electronics,2051,117.32,117.32,[76]
South-West,1169,Electronics,2056,944.5,944.5,[1483]
South-West,1169,Home,2013,935.36,935.36,[876]
South-West,1169,Home,2024,621.35,621.35,[1531]
South-West,1169,Home,2036,392.36,392.36,[772]
South-West,1169,Home,2085,1210.75,1210.75,[1432]
South-West,1169,Home,2093,755.94,755.94,[910]
South-West,1169,Home,2096,672.18,672.18,[1735]
South-West,1169,Office,2016,775.25,775.25,[697]
South-West,1169,Office,2047,535.97,535.97,[17]
South-West,1169,Office,2054,900.51,900.51,[198]
South-West,1171,Clothing,2015,0.0,0.0,[1405]
South-West,1171,Clothing,2062,619.36,619.36,[578]
South-West,1171,Clothing,2081,596.98,596.98,[304]
South-West,1171,Electronics,2012,1121.74,1121.74,[415]
South-West,1171,Home,2008,133.18,133.18,[1006]
South-West,1171,Home,2045,280.93,280.93,[842]
South-West,1171,Home,2050,168.1,168.1,[1092]
South-West,1171,Home,2052,0.0,0.0,[1277]
South-West,1171,Office,2016,646.04,646.04,[1453]
South-West,1171,Office,2089,1654.08,1654.08,[244]
South-West,1180,Clothing,2025,894.78,894.78,[817]
South-West,1180,Clothing,2066,1238.54,1238.54,[1035]
South-West,1180,Clothing,2084,281.85,281.85,[745]
South-West,1180,Electronics,2017,741.92,741.92,[383]
South-West,1180,Electronics,2037,288.11,288.11,[606]
South-West,1180,Home,2036,217.98,217.98,[60]
South-West,1180,Home,2058,666.75,666.75,[1601]
South-West,1180,Office,2027,0.0,0.0,[574]
South-West,1180,Office,2040,110.53,110.53,[1389]
South-West,1190,Clothing,2070,54.69,54.69,[35]
South-West,1190,Clothing,2081,0.0,0.0,[1316]
South-West,1190,Home,2008,266.36,266.36,[164]
South-West,1190,Home,2060,0.0,0.0,[805]
South-West,1190,Home,2083,2304.48,2304.48,[920]
South-West,1190,Office,2082,239.94,239.94,[954]
South-West,1190,Office,2089,0.0,0.0,[1155]
South-West,1195,Clothing,2020,1879.15,1879.15,[353]
South-West,1195,Clothing,2046,100.29,100.29,[1714]
South-West,1195,Clothing,2062,3096.8,3096.8,[484]
South-West,1195,Electronics,2051,117.32,117.32,[360]
South-West,1195,Home,2004,2781.75,2781.75,[1738]
South-West,1195,Home,2026,507.74,507.74,[55]
South-West,1195,Home,2035,0.0,0.0,[187]
South-West,1195,Home,2065,1411.02,1411.02,[1119]
South-West,1195,Home,2069,697.17,697.17,[1116]
South-West,1195,Office,2080,3329.04,3329.04,[1750]
South-West,1198,Clothing,2038,1853.02,1853.02,[1970]
South-West,1198,Clothing,2044,186.82,186.82,[218]
South-West,1198,Clothing,2066,516.06,516.06,[52]
South-West,1198,Electronics,2007,2333.56,2333.56,[1510]
South-West,1198,Electronics,2022,671.18,671.18,[1086]
South-West,1198,Electronics,2033,2257.88,2257.88,[315]
South-West,1198,Home,2036,392.36,392.36,[1334]
South-West,1198,Home,2086,894.1,894.1,[1062]
South-West,1198,Home,2093,0.0,0.0,[616]
South-West,1198,Home,2096,1814.89,1814.89,[637]
South-West,1198,Office,2043,1397.52,1397.52,[237]
South-West,1198,Office,2089,744.34,744.34,[1272]
South-West,1198,Office,2092,771.54,771.54,[960]
West,1000,Clothing,2001,1649.4,1649.4,[888]
West,1000,Clothing,2066,412.85,412.85,[1170]
West,1000,Clothing,2097,1347.36,1347.36,[690]
West,1000,Electronics,2099,2326.75,2326.75,[1219]
West,1000,Home,2049,5639.04,5639.04,[1524]
West,1000,Home,2052,2193.78,2193.78,[58]
West,1000,Office,2027,517.22,517.22,[630]
West,1000,Office,2054,1620.92,1620.92,[624]
West,1000,Office,2078,0.0,0.0,[277]
West,1000,Office,2090,143.28,143.28,[1446]
West,1000,Office,2095,0.0,0.0,[437]
West,1006,Clothing,2011,1229.22,1229.22,[527]
West,1006,Clothing,2094,1480.05,1480.05,[313]
West,1006,Electronics,2051,351.96,351.96,[1645]
West,1006,Office,2053,610.15,610.15,[264]
West,1007,Clothing,2010,62.27,62.27,[339]
West,1007,Clothing,2081,746.22,746.22,[516]
West,1007,Clothing,2094,493.35,493.35,[572]
West,1007,Electronics,2023,751.63,751.63,[189]
West,1007,Electronics,2037,648.25,648.25,[1834]
West,1007,Home,2004,2225.4,2225.4,[1163]
West,1007,Home,2048,1287.47,1287.47,[719]
West,1007,Home,2049,845.86,845.86,[823]
West,1007,Home,2060,816.76,816.76,[1412]
West,1007,Home,2069,836.6,836.6,[1969]
West,1007,Office,2071,553.64,553.64,[1304]
West,1007,Office,2080,1498.07,1498.07,[84]
West,1011,Clothing,2009,0.0,0.0,[507]
West,1011,Electronics,2028,0.0,0.0,[202]
West,1011,Home,2004,3709.0,1854.5,"[145, 367]"
West,1011,Home,2008,106.54,106.54,[907]
West,1011,Home,2013,1683.65,1683.65,[1572]
West,1011,Home,2045,842.78,842.78,[284]
West,1011,Home,2083,614.53,614.53,[1870]
West,1011,Office,2041,0.0,0.0,[112]
West,1011,Office,2054,900.51,900.51,[438]
West,1011,Office,2072,756.54,756.54,[479]
West,1028,Clothing,2074,3297.5,3297.5,[1464]
West,1028,Clothing,2094,888.03,888.03,[1283]
West,1028,Electronics,2099,3490.13,3490.13,[272]
West,1028,Home,2030,509.91,509.91,[649]
West,1028,Home,2042,502.83,502.83,[410]
West,1028,Office,2063,994.43,994.43,[275]
West,1029,Clothing,2094,0.0,0.0,[1895]
West,1029,Electronics,2012,0.0,0.0,[146]
West,1029,Electronics,2023,2818.62,1409.31,"[583, 1004]"
West,1029,Electronics,2075,1249.02,1249.02,[1433]
West,1029,Electronics,2098,3631.44,3631.44,[78]
West,1029,Home,2013,0.0,0.0,[883]
West,1029,Home,2059,921.69,921.69,[136]
West,1029,Home,2085,726.45,726.45,[974]
West,1029,Office,2063,4972.14,2486.07,"[1858, 1922]"
West,1029,Office,2090,57.31,57.31,[1343]
West,1031,Clothing,2003,0.0,0.0,[1639]
West,1031,Clothing,2020,1127.49,1127.49,[623]
West,1031,Electronics,2017,0.0,0.0,[317]
West,1031,Electronics,2029,40.53,40.53,[1725]
West,1031,Home,2058,2400.3,2400.3,[154]
West,1031,Home,2059,0.0,0.0,[65]
West,1031,Office,2073,1498.29,1498.29,[391]
West,1037,Clothing,2087,318.64,318.64,[378]
West,1037,Home,2008,266.36,266.36,[533]
West,1037,Home,2030,271.95,271.95,[1776]
West,1037,Home,2060,1225.14,1225.14,[1082]
West,1037,Office,2027,465.5,465.5,[1580]
West,1037,Office,2091,0.0,0.0,[610]
West,1039,Clothing,2003,1155.54,1155.54,[1867]
West,1039,Clothing,2006,198.0,198.0,[774]
West,1039,Clothing,2020,338.25,338.25,[251]
West,1039,Clothing,2025,503.32,503.32,[481]
West,1039,Electronics,2000,775.45,775.45,[1641]
West,1039,Electronics,2017,370.96,370.96,[1254]
West,1039,Electronics,2068,2460.72,2460.72,[659]
West,1039,Home,2013,4676.8,4676.8,[701]
West,1039,Home,2035,899.99,899.99,[448]
West,1039,Home,2048,357.63,357.63,[521]
West,1039,Office,2041,0.0,0.0,[966]
West,1039,Office,2080,665.81,665.81,[1382]
West,1039,Office,2082,0.0,0.0,[1946]
West,1043,Clothing,2009,106.1,106.1,[1410]
West,1043,Clothing,2044,373.64,373.64,[1280]
West,1043,Clothing,2081,746.22,746.22,[777]
West,1043,Electronics,2007,525.05,525.05,[1291]
West,1043,Electronics,2022,2684.72,2684.72,[115]
West,1043,Electronics,2033,836.25,836.25,[1629]
West,1043,Home,2064,235.23,235.23,[1846]
West,1043,Home,2083,2304.48,2304.48,[1903]
West,1043,Home,2093,1360.69,1360.69,[485]
West,1047,Clothing,2003,346.66,346.66,[1318]
West,1047,Clothing,2066,464.45,464.45,[969]
West,1047,Clothing,2076,0.0,0.0,[1388]
West,1047,Electronics,2028,1148.29,1148.29,[1003]
West,1047,Home,2049,0.0,0.0,[1322]
West,1047,Home,2085,242.15,242.15,[1702]
West,1047,Office,2047,334.98,334.98,[1603]
West,1047,Office,2063,0.0,0.0,[1129]
West,1049,Clothing,2025,503.32,503.32,[815]
West,1049,Electronics,2000,3877.24,3877.24,[1372]
West,1049,Electronics,2067,261.86,261.86,[1238]
West,1049,Home,2042,670.44,670.44,[1380]
West,1049,Home,2064,882.12,882.12,[851]
West,1049,Home,2079,3802.16,3802.16,[497]
West,1049,Office,2047,1674.9,1674.9,[256]
West,1059,Clothing,2066,2064.24,2064.24,[1625]
West,1059,Electronics,2028,1531.06,1531.06,[1419]
West,1059,Electronics,2051,527.94,527.94,[570]
West,1059,Electronics,2099,1292.64,1292.64,[98]
West,1059,Home,2042,0.0,0.0,[158]
West,1059,Home,2048,572.21,572.21,[1296]
West,1059,Office,2091,1811.58,1811.58,[1919]
West,1074,Clothing,2087,477.96,477.96,[993]
West,1074,Clothing,2094,444.02,444.02,[543]
West,1074,Electronics,2037,0.0,0.0,[1678]
West,1074,Electronics,2056,839.55,839.55,[1333]
West,1074,Home,2004,741.8,741.8,[59]
West,1074,Home,2014,1477.8,738.9,"[211, 1181]"
West,1074,Home,2024,248.54,248.54,[1624]
West,1074,Office,2054,2701.53,2701.53,[1718]
West,1092,Clothing,2006,198.0,198.0,[1200]
West,1092,Clothing,2046,80.23,80.23,[1141]
West,1092,Clothing,2070,102.54,102.54,[324]
West,1092,Electronics,2017,1854.8,1854.8,[1015]
West,1092,Home,2049,0.0,0.0,[308]
West,1092,Home,2086,894.1,894.1,[894]
West,1092,Office,2053,1464.36,1464.36,[1452]
West,1092,Office,2078,383.43,383.43,[1126]
West,1092,Office,2080,3745.17,3745.17,[1951]
West,1092,Office,2089,827.04,827.04,[553]
West,1094,Clothing,2025,223.7,223.7,[684]
West,1094,Clothing,2038,926.51,926.51,[636]
West,1094,Clothing,2039,1952.88,1952.88,[195]
West,1094,Clothing,2066,1032.12,1032.12,[296]
West,1094,Electronics,2022,0.0,0.0,[1479]
West,1094,Electronics,2023,1879.08,1879.08,[1636]
West,1094,Electronics,2075,702.58,702.58,[686]
West,1094,Home,2048,1394.7600000000002,697.3800000000001,"[781, 1363]"
West,1094,Office,2071,984.26,984.26,[1075]
West,1098,Clothing,2006,990.0,990.0,[1413]
West,1098,Clothing,2084,0.0,0.0,[100]
West,1098,Clothing,2088,0.0,0.0,[900]
West,1098,Electronics,2032,0.0,0.0,[977]
West,1098,Electronics,2056,944.5,944.5,[760]
West,1098,Home,2036,0.0,0.0,[1716]
West,1098,Home,2045,280.93,280.93,[1459]
West,1098,Home,2057,1310.94,1310.94,[1739]
West,1098,Home,2083,2304.48,2304.48,[801]
West,1098,Office,2047,1071.94,1071.94,[1653]
West,1098,Office,2071,1845.48,1845.48,[590]
West,1104,Clothing,2046,167.15,167.15,[1789]
West,1104,Electronics,2056,1574.16,1574.16,[1354]
West,1104,Home,2014,246.3,246.3,[1712]
West,1104,Office,2072,1134.81,1134.81,[854]
West,1107,Clothing,2025,1034.5900000000001,517.2950000000001,"[725, 1575]"
West,1107,Clothing,2039,0.0,0.0,[1348]
West,1107,Clothing,2081,5969.76,2984.88,"[274, 1677]"
West,1107,Electronics,2023,2536.76,2536.76,[1833]
West,1107,Electronics,2077,898.93,898.93,[940]
West,1107,Home,2045,249.71,249.71,[1470]
West,1107,Home,2058,1800.22,1800.22,[194]
West,1107,Office,2021,751.87,751.87,[1586]
West,1107,Office,2080,4993.56,4993.56,[1148]
West,1107,Office,2089,330.82,330.82,[1130]
West,1115,Clothing,2009,53.05,53.05,[764]
West,1115,Electronics,2029,0.0,0.0,[175]
West,1115,Home,2004,2225.4,2225.4,[227]
West,1115,Home,2013,2806.08,2806.08,[232]
West,1115,Home,2057,1747.92,1747.92,[1248]
West,1115,Home,2060,980.11,980.11,[1286]
West,1115,Home,2065,1881.36,1881.36,[262]
West,1115,Office,2095,0.0,0.0,[1140]
West,1125,Clothing,2076,725.46,725.46,[820]
West,1125,Clothing,2097,3031.56,3031.56,[859]
West,1125,Electronics,2007,933.42,933.42,[692]
West,1125,Electronics,2029,40.53,40.53,[517]
West,1125,Home,2036,588.55,588.55,[587]
West,1125,Home,2050,373.56,373.56,[1300]
West,1125,Home,2055,86.3,86.3,[1742]
West,1125,Home,2057,1310.94,1310.94,[1881]
West,1125,Office,2021,1670.82,1670.82,[592]
West,1125,Office,2073,1997.72,1997.72,[967]
West,1125,Office,2091,1811.58,1811.58,[169]
West,1131,Clothing,2006,475.2,475.2,[708]
West,1131,Clothing,2020,0.0,0.0,[812]
West,1131,Electronics,2032,4728.0,4728.0,[1099]
West,1131,Home,2013,4676.8,4676.8,[1892]
West,1131,Home,2050,747.12,747.12,[1650]
West,1131,Home,2086,2414.07,2414.07,[607]
West,1131,Office,2041,3216.84,3216.84,[414]
West,1131,Office,2082,239.94,239.94,[1042]
West,1131,Office,2095,1472.37,1472.37,[305]
West,1132,Clothing,2001,2061.75,2061.75,[1093]
West,1132,Clothing,2010,0.0,0.0,[1466]
West,1132,Clothing,2019,1681.07,1681.07,[332]
West,1132,Clothing,2066,1548.18,1548.18,[909]
West,1132,Electronics,2017,0.0,0.0,[1250]
West,1132,Electronics,2032,851.04,851.04,[1038]
West,1132,Electronics,2051,469.28,234.64,"[1039, 1051]"
West,1132,Electronics,2098,3631.44,3631.44,[978]
West,1132,Home,2036,348.77,348.77,[334]
West,1132,Home,2049,1503.74,1503.74,[314]
West,1132,Home,2083,614.53,614.53,[71]
West,1132,Office,2040,124.34,124.34,[1852]
West,1134,Clothing,2038,926.51,926.51,[1392]
West,1134,Clothing,2046,86.92,43.46,"[279, 744]"
West,1134,Clothing,2061,639.74,639.74,[740]
West,1134,Clothing,2066,1238.54,1238.54,[235]
West,1134,Home,2052,1316.27,1316.27,[1366]
West,1134,Home,2079,950.54,950.54,[1229]
West,1134,Office,2054,3602.04,3602.04,[1121]
West,1134,Office,2080,1331.62,1331.62,[1887]
West,1148,Clothing,2088,0.0,0.0,[1204]
West,1148,Electronics,2012,3115.95,3115.95,[695]
West,1148,Home,2069,1115.47,557.735,"[1036, 1310]"
West,1148,Office,2043,873.45,873.45,[1626]
West,1151,Clothing,2003,693.32,693.32,[736]
West,1151,Clothing,2019,933.93,933.93,[1593]
West,1151,Clothing,2020,1127.49,1127.49,[1047]
West,1151,Clothing,2074,1187.1,1187.1,[337]
West,1151,Clothing,2094,493.35,493.35,[1478]
West,1151,Home,2060,653.41,653.41,[1590]
West,1151,Home,2085,726.45,726.45,[1627]
West,1151,Office,2054,0.0,0.0,[573]
West,1157,Clothing,2025,671.09,671.09,[741]
West,1157,Clothing,2038,4632.55,4632.55,[1762]
West,1157,Clothing,2076,2418.21,2418.21,[1060]
West,1157,Clothing,2084,253.67,253.67,[1011]
West,1157,Clothing,2087,286.78,286.78,[1027]
West,1157,Clothing,2094,1578.72,1578.72,[371]
West,1157,Electronics,2000,1938.62,1938.62,[270]
West,1157,Electronics,2075,702.58,702.58,[581]
West,1157,Home,2055,53.94,53.94,[860]
West,1157,Home,2079,2281.3,2281.3,[722]
West,1157,Home,2086,1430.56,1430.56,[1747]
West,1157,Office,2053,2928.7200000000003,1464.3600000000001,"[351, 1374]"
West,1157,Office,2082,1066.4,1066.4,[1516]
West,1160,Clothing,2009,0.0,0.0,[1604]
West,1160,Clothing,2038,2223.62,741.2066666666666,"[336, 1302, 1562]"
West,1160,Electronics,2056,472.25,472.25,[81]
West,1160,Home,2030,271.95,271.95,[1178]
West,1160,Home,2064,1176.16,1176.16,[1972]
West,1160,Office,2016,1162.87,1162.87,[1162]
West,1160,Office,2034,326.81,326.81,[1869]
West,1160,Office,2040,138.16,138.16,[223]
West,1160,Office,2082,426.56,426.56,[130]
West,1160,Office,2091,905.79,905.79,[107]
West,1163,Clothing,2025,447.39,447.39,[1376]
West,1163,Clothing,2084,845.55,845.55,[571]
West,1163,Electronics,2032,756.48,378.24,"[118, 875]"
West,1163,Electronics,2037,0.0,0.0,[423]
West,1163,Electronics,2068,4921.4400000000005,2460.7200000000003,"[657, 1774]"
West,1163,Office,2047,301.48,301.48,[141]
West,1174,Clothing,2003,308.14,308.14,[819]
West,1174,Clothing,2038,1853.02,1853.02,[1526]
West,1174,Electronics,2032,4728.0,4728.0,[951]
West,1174,Electronics,2098,2723.58,2723.58,[546]
West,1174,Home,2026,423.12,423.12,[432]
West,1174,Office,2040,34.54,34.54,[319]
West,1174,Office,2041,804.21,804.21,[976]
West,1174,Office,2090,286.56,286.56,[1488]
West,1175,Clothing,2015,674.97,674.97,[1805]
West,1175,Clothing,2062,1858.08,1858.08,[591]
West,1175,Clothing,2076,2095.78,1047.89,"[1436, 1780]"
West,1175,Electronics,2017,463.7,463.7,[869]
West,1175,Electronics,2029,36.48,36.48,[61]
West,1175,Electronics,2056,2098.88,2098.88,[1717]
West,1175,Home,2048,965.6,965.6,[531]
West,1175,Home,2057,1179.85,1179.85,[1500]
West,1175,Home,2060,735.08,735.08,[1568]
West,1175,Office,2047,1004.94,1004.94,[1282]
West,1175,Office,2089,2067.6,2067.6,[1682]
West,1182,Clothing,2009,53.05,53.05,[520]
West,1182,Home,2048,357.63,357.63,[1449]
West,1182,Home,2058,0.0,0.0,[1987]
West,1182,Office,2073,499.43,499.43,[670]
West,1186,Clothing,2001,824.7,824.7,[1186]
West,1186,Electronics,2018,1301.42,1301.42,[562]
West,1186,Electronics,2028,2551.76,2551.76,[445]
West,1186,Office,2016,646.04,646.04,[872]
West,1186,Office,2054,0.0,0.0,[297]
West,1197,Clothing,2009,265.24,265.24,[653]
West,1197,Clothing,2074,593.55,593.55,[283]
West,1197,Electronics,2018,867.62,867.62,[1312]
West,1197,Electronics,2056,1049.44,1049.44,[1195]
West,1197,Home,2050,560.34,560.34,[1158]
West,1197,Home,2057,1179.85,1179.85,[935]
West,1197,Home,2058,666.75,666.75,[1828]
West,1197,Home,2079,855.49,855.49,[519]
West,1197,Home,2086,2414.07,2414.07,[1496]
West,1197,Office,2021,1670.82,1670.82,[1957]
West,1197,Office,2040,138.16,138.16,[1793]
West,1197,Office,2072,1513.08,1513.08,[752]
West,1197,Office,2080,1331.62,1331.62,[1566]
West,1199,Clothing,2010,210.17,210.17,[530]
West,1199,Clothing,2046,167.15,167.15,[165]
West,1199,Clothing,2062,990.98,990.98,[1685]
West,1199,Clothing,2070,30.76,30.76,[330]
West,1199,Clothing,2074,1978.5,1978.5,[1338]
West,1199,Clothing,2087,159.32,159.32,[285]
West,1199,Electronics,2007,1400.14,1400.14,[1260]
West,1199,Electronics,2051,0.0,0.0,[1877]
West,1199,Electronics,2067,0.0,0.0,[814]
West,1199,Home,2013,5612.16,5612.16,[1114]
West,1199,Home,2014,0.0,0.0,[1576]
West,1199,Home,2024,223.69,223.69,[1317]
West,1199,Home,2035,2699.97,2699.97,[730]
West,1199,Home,2036,871.92,871.92,[1144]
West,1199,Home,2058,2667.0,2667.0,[595]
